-- phpMyAdmin SQL Dump
-- version 4.9.0.1
-- https://www.phpmyadmin.net/
--
-- Host: 127.0.0.1
-- Generation Time: 28 نوفمبر 2020 الساعة 06:28
-- إصدار الخادم: 10.3.16-MariaDB
-- PHP Version: 7.1.30

SET SQL_MODE = "NO_AUTO_VALUE_ON_ZERO";
SET AUTOCOMMIT = 0;
START TRANSACTION;
SET time_zone = "+00:00";


/*!40101 SET @OLD_CHARACTER_SET_CLIENT=@@CHARACTER_SET_CLIENT */;
/*!40101 SET @OLD_CHARACTER_SET_RESULTS=@@CHARACTER_SET_RESULTS */;
/*!40101 SET @OLD_COLLATION_CONNECTION=@@COLLATION_CONNECTION */;
/*!40101 SET NAMES utf8mb4 */;

--
-- Database: `certificates`
--

-- --------------------------------------------------------

--
-- بنية الجدول `classes`
--

CREATE TABLE `classes` (
  `id` bigint(20) UNSIGNED NOT NULL,
  `name` varchar(191) COLLATE utf8mb4_unicode_ci NOT NULL,
  `section_name` text COLLATE utf8mb4_unicode_ci NOT NULL,
  `class_id` varchar(191) COLLATE utf8mb4_unicode_ci NOT NULL,
  `num` varchar(191) COLLATE utf8mb4_unicode_ci NOT NULL,
  `school_id` bigint(20) UNSIGNED NOT NULL,
  `created_at` timestamp NULL DEFAULT NULL,
  `updated_at` timestamp NULL DEFAULT NULL
) ENGINE=InnoDB DEFAULT CHARSET=utf8mb4 COLLATE=utf8mb4_unicode_ci;

--
-- إرجاع أو استيراد بيانات الجدول `classes`
--

INSERT INTO `classes` (`id`, `name`, `section_name`, `class_id`, `num`, `school_id`, `created_at`, `updated_at`) VALUES
(37, 'الأول الابتدائي', 'قسم عام', '0125', '1', 5, NULL, NULL),
(38, 'الثاني الابتدائي', 'قسم عام', '0225', '1', 5, NULL, NULL),
(39, 'الثالث الابتدائي', 'قسم عام', '0325', '2', 5, NULL, NULL),
(40, 'الرابع الابتدائي', 'عام بنين - M.M.Publication . Smart Class', '0449', '1', 5, NULL, NULL),
(41, 'السادس الابتدائي', 'عام بنين - M.M.Publication . Smart Class', '0649', '1', 5, NULL, NULL),
(42, 'السادس الابتدائي', 'عام بنين - M.M.Publication . Smart Class', '0649', '2', 5, NULL, NULL),
(43, 'الثاني الابتدائي', 'قسم عام', '0225', '2', 5, NULL, NULL),
(44, 'الخامس الابتدائي', 'عام بنين - M.M.Publication . Smart Class', '0549', '1', 5, NULL, NULL),
(45, 'الخامس الابتدائي', 'عام بنين - M.M.Publication . Smart Class', '0549', '2', 5, NULL, NULL),
(46, 'الثالث الابتدائي', 'قسم عام', '0325', '1', 5, NULL, NULL),
(48, 'الأول الابتدائي', 'قسم تحفيظ القراّن الكريم بنين', '0108', '1', 6, NULL, NULL),
(49, 'الأول الابتدائي', 'قسم تحفيظ القراّن الكريم بنين', '0108', '2', 6, NULL, NULL),
(50, 'الثاني الابتدائي', 'قسم تحفيظ القراّن الكريم بنين', '0208', '1', 6, NULL, NULL),
(51, 'الثاني الابتدائي', 'قسم تحفيظ القراّن الكريم بنين', '0208', '2', 6, NULL, NULL),
(52, 'الثالث الابتدائي', 'قسم تحفيظ القراّن الكريم بنين', '0308', '1', 6, NULL, NULL),
(53, 'الثالث الابتدائي', 'قسم تحفيظ القراّن الكريم بنين', '0308', '2', 6, NULL, NULL),
(54, 'الرابع الابتدائي', 'تحفيظ  بنين - M.M.Publication . Smart Class', '0450', '1', 6, NULL, NULL),
(55, 'الرابع الابتدائي', 'تحفيظ  بنين - M.M.Publication . Smart Class', '0450', '2', 6, NULL, NULL),
(56, 'الخامس الابتدائي', 'تحفيظ  بنين - M.M.Publication . Smart Class', '0550', '1', 6, NULL, NULL),
(57, 'الخامس الابتدائي', 'تحفيظ  بنين - M.M.Publication . Smart Class', '0550', '2', 6, NULL, NULL),
(58, 'السادس الابتدائي', 'تحفيظ  بنين - M.M.Publication . Smart Class', '0650', '1', 6, NULL, NULL),
(59, 'السادس الابتدائي', 'تحفيظ  بنين - M.M.Publication . Smart Class', '0650', '2', 6, NULL, NULL),
(60, 'الأول الابتدائي', 'قسم عام', '0125', '1', 7, NULL, NULL),
(61, 'الأول الابتدائي', 'قسم عام', '0125', '2', 7, NULL, NULL),
(62, 'الثاني الابتدائي', 'قسم عام', '0225', '1', 7, NULL, NULL),
(63, 'الثاني الابتدائي', 'قسم عام', '0225', '2', 7, NULL, NULL),
(64, 'الثالث الابتدائي', 'قسم عام', '0325', '1', 7, NULL, NULL),
(65, 'الثالث الابتدائي', 'قسم عام', '0325', '2', 7, NULL, NULL),
(66, 'الرابع الابتدائي', 'عام بنين - M.M.Publication . Smart Class', '0449', '1', 7, NULL, NULL),
(67, 'الرابع الابتدائي', 'عام بنين - M.M.Publication . Smart Class', '0449', '2', 7, NULL, NULL),
(68, 'الخامس الابتدائي', 'عام بنين - M.M.Publication . Smart Class', '0549', '1', 7, NULL, NULL),
(69, 'الخامس الابتدائي', 'عام بنين - M.M.Publication . Smart Class', '0549', '2', 7, NULL, NULL),
(70, 'السادس الابتدائي', 'عام بنين - M.M.Publication . Smart Class', '0649', '1', 7, NULL, NULL),
(71, 'السادس الابتدائي', 'عام بنين - M.M.Publication . Smart Class', '0649', '2', 7, NULL, NULL),
(72, 'الرابع الابتدائي', 'عام بنين - M.M.Publication . Smart Class', '0449', '3', 7, NULL, NULL),
(73, 'الأول الابتدائي', 'قسم تحفيظ القراّن الكريم بنين', '0108', '1', 8, NULL, NULL),
(74, 'الأول الابتدائي', 'قسم تحفيظ القراّن الكريم بنين', '0108', '2', 8, NULL, NULL),
(75, 'الثاني الابتدائي', 'قسم تحفيظ القراّن الكريم بنين', '0208', '1', 8, NULL, NULL),
(76, 'الثاني الابتدائي', 'قسم تحفيظ القراّن الكريم بنين', '0208', '2', 8, NULL, NULL),
(77, 'الثالث الابتدائي', 'قسم تحفيظ القراّن الكريم بنين', '0308', '1', 8, NULL, NULL),
(78, 'الثالث الابتدائي', 'قسم تحفيظ القراّن الكريم بنين', '0308', '2', 8, NULL, NULL),
(79, 'الرابع الابتدائي', 'تحفيظ بنين - We can Mc Graw Hill', '0435', '1', 8, NULL, NULL),
(80, 'الرابع الابتدائي', 'تحفيظ بنين - We can Mc Graw Hill', '0435', '2', 8, NULL, NULL),
(81, 'الخامس الابتدائي', 'تحفيظ بنين - We can Mc Graw Hill', '0535', '1', 8, NULL, NULL),
(82, 'الخامس الابتدائي', 'تحفيظ بنين - We can Mc Graw Hill', '0535', '2', 8, NULL, NULL),
(83, 'السادس الابتدائي', 'تحفيظ بنين - We can Mc Graw Hill', '0635', '1', 8, NULL, NULL),
(84, 'السادس الابتدائي', 'تحفيظ بنين - We can Mc Graw Hill', '0635', '2', 8, NULL, NULL),
(97, 'الأول المتوسط', 'قسم تحفيظ القراّن الكريم بنين', '0708', '1', 10, NULL, NULL),
(98, 'الأول المتوسط', 'قسم تحفيظ القراّن الكريم بنين', '0708', '2', 10, NULL, NULL),
(99, 'الأول المتوسط', 'قسم تحفيظ القراّن الكريم بنين', '0708', '3', 10, NULL, NULL),
(100, 'الثاني المتوسط', 'قسم تحفيظ القراّن الكريم بنين', '0808', '1', 10, NULL, NULL),
(101, 'الثاني المتوسط', 'قسم تحفيظ القراّن الكريم بنين', '0808', '2', 10, NULL, NULL),
(102, 'الثاني المتوسط', 'قسم تحفيظ القراّن الكريم بنين', '0808', '3', 10, NULL, NULL),
(103, 'الثالث المتوسط', 'قسم تحفيظ القراّن الكريم بنين', '0908', '1', 10, NULL, NULL),
(104, 'الثالث المتوسط', 'قسم تحفيظ القراّن الكريم بنين', '0908', '2', 10, NULL, NULL),
(105, 'الثالث المتوسط', 'قسم تحفيظ القراّن الكريم بنين', '0908', '3', 10, NULL, NULL),
(106, 'الأول الابتدائي', 'قسم تحفيظ القراّن الكريم بنين', '0108', '1', 11, NULL, NULL),
(107, 'الأول الابتدائي', 'قسم تحفيظ القراّن الكريم بنين', '0108', '2', 11, NULL, NULL),
(108, 'الثاني الابتدائي', 'قسم تحفيظ القراّن الكريم بنين', '0208', '1', 11, NULL, NULL),
(109, 'الثاني الابتدائي', 'قسم تحفيظ القراّن الكريم بنين', '0208', '2', 11, NULL, NULL),
(110, 'الثالث الابتدائي', 'قسم تحفيظ القراّن الكريم بنين', '0308', '1', 11, NULL, NULL),
(111, 'الثالث الابتدائي', 'قسم تحفيظ القراّن الكريم بنين', '0308', '2', 11, NULL, NULL),
(112, 'الرابع الابتدائي', 'تحفيظ بنين - We can Mc Graw Hill', '0435', '1', 11, NULL, NULL),
(113, 'الرابع الابتدائي', 'تحفيظ بنين - We can Mc Graw Hill', '0435', '2', 11, NULL, NULL),
(114, 'الخامس الابتدائي', 'تحفيظ بنين - We can Mc Graw Hill', '0535', '1', 11, NULL, NULL),
(115, 'الخامس الابتدائي', 'تحفيظ بنين - We can Mc Graw Hill', '0535', '2', 11, NULL, NULL),
(116, 'السادس الابتدائي', 'تحفيظ بنين - We can Mc Graw Hill', '0635', '1', 11, NULL, NULL),
(117, 'السادس الابتدائي', 'تحفيظ بنين - We can Mc Graw Hill', '0635', '2', 11, NULL, NULL),
(118, 'الأول الابتدائي', 'قسم عام', '0125', '1', 12, NULL, NULL),
(119, 'الأول الابتدائي', 'قسم عام', '0125', '2', 12, NULL, NULL),
(120, 'الأول الابتدائي', 'قسم عام', '0125', '3', 12, NULL, NULL),
(121, 'الثاني الابتدائي', 'قسم عام', '0225', '1', 12, NULL, NULL),
(122, 'الثاني الابتدائي', 'قسم عام', '0225', '2', 12, NULL, NULL),
(123, 'الثاني الابتدائي', 'قسم عام', '0225', '3', 12, NULL, NULL),
(124, 'الثالث الابتدائي', 'قسم عام', '0325', '1', 12, NULL, NULL),
(125, 'الثالث الابتدائي', 'قسم عام', '0325', '2', 12, NULL, NULL),
(126, 'الثالث الابتدائي', 'قسم عام', '0325', '3', 12, NULL, NULL),
(127, 'الرابع الابتدائي', 'عام بنين - We can Mc Graw Hill', '0430', '1', 12, NULL, NULL),
(128, 'الرابع الابتدائي', 'عام بنين - We can Mc Graw Hill', '0430', '2', 12, NULL, NULL),
(129, 'الرابع الابتدائي', 'عام بنين - We can Mc Graw Hill', '0430', '3', 12, NULL, NULL),
(130, 'الخامس الابتدائي', 'عام بنين - We can Mc Graw Hill', '0530', '1', 12, NULL, NULL),
(131, 'الخامس الابتدائي', 'عام بنين - We can Mc Graw Hill', '0530', '2', 12, NULL, NULL),
(132, 'الخامس الابتدائي', 'عام بنين - We can Mc Graw Hill', '0530', '3', 12, NULL, NULL),
(133, 'السادس الابتدائي', 'عام بنين - We can Mc Graw Hill', '0630', '1', 12, NULL, NULL),
(134, 'السادس الابتدائي', 'عام بنين - We can Mc Graw Hill', '0630', '2', 12, NULL, NULL),
(135, 'الأول الابتدائي', 'توحد بنين', '0160', '1', 14, NULL, NULL),
(136, 'الثاني الابتدائي', 'توحد بنين', '0260', '1', 14, NULL, NULL),
(137, 'الثالث الابتدائي', 'توحد بنين', '0360', '1', 14, NULL, NULL),
(138, 'الخامس الابتدائي', 'توحد بنين', '0560', '1', 14, NULL, NULL);

-- --------------------------------------------------------

--
-- بنية الجدول `migrations`
--

CREATE TABLE `migrations` (
  `id` int(10) UNSIGNED NOT NULL,
  `migration` varchar(191) COLLATE utf8mb4_unicode_ci NOT NULL,
  `batch` int(11) NOT NULL
) ENGINE=InnoDB DEFAULT CHARSET=utf8mb4 COLLATE=utf8mb4_unicode_ci;

--
-- إرجاع أو استيراد بيانات الجدول `migrations`
--

INSERT INTO `migrations` (`id`, `migration`, `batch`) VALUES
(1, '2014_10_12_000000_create_users_table', 1),
(2, '2014_10_12_100000_create_password_resets_table', 1),
(3, '2016_06_01_000001_create_oauth_auth_codes_table', 1),
(4, '2016_06_01_000002_create_oauth_access_tokens_table', 1),
(5, '2016_06_01_000003_create_oauth_refresh_tokens_table', 1),
(6, '2016_06_01_000004_create_oauth_clients_table', 1),
(7, '2016_06_01_000005_create_oauth_personal_access_clients_table', 1),
(8, '2020_04_26_090608_create_schools_table', 1),
(9, '2020_04_26_090652_create_classes_table', 1),
(10, '2020_04_26_090713_create_students_table', 1),
(11, '2020_05_15_022705_create_sender_names_table', 2);

-- --------------------------------------------------------

--
-- بنية الجدول `oauth_access_tokens`
--

CREATE TABLE `oauth_access_tokens` (
  `id` varchar(100) COLLATE utf8mb4_unicode_ci NOT NULL,
  `user_id` bigint(20) DEFAULT NULL,
  `client_id` int(10) UNSIGNED NOT NULL,
  `name` varchar(191) COLLATE utf8mb4_unicode_ci DEFAULT NULL,
  `scopes` text COLLATE utf8mb4_unicode_ci DEFAULT NULL,
  `revoked` tinyint(1) NOT NULL,
  `created_at` timestamp NULL DEFAULT NULL,
  `updated_at` timestamp NULL DEFAULT NULL,
  `expires_at` datetime DEFAULT NULL
) ENGINE=InnoDB DEFAULT CHARSET=utf8mb4 COLLATE=utf8mb4_unicode_ci;

-- --------------------------------------------------------

--
-- بنية الجدول `oauth_auth_codes`
--

CREATE TABLE `oauth_auth_codes` (
  `id` varchar(100) COLLATE utf8mb4_unicode_ci NOT NULL,
  `user_id` bigint(20) NOT NULL,
  `client_id` int(10) UNSIGNED NOT NULL,
  `scopes` text COLLATE utf8mb4_unicode_ci DEFAULT NULL,
  `revoked` tinyint(1) NOT NULL,
  `expires_at` datetime DEFAULT NULL
) ENGINE=InnoDB DEFAULT CHARSET=utf8mb4 COLLATE=utf8mb4_unicode_ci;

-- --------------------------------------------------------

--
-- بنية الجدول `oauth_clients`
--

CREATE TABLE `oauth_clients` (
  `id` int(10) UNSIGNED NOT NULL,
  `user_id` bigint(20) DEFAULT NULL,
  `name` varchar(191) COLLATE utf8mb4_unicode_ci NOT NULL,
  `secret` varchar(100) COLLATE utf8mb4_unicode_ci NOT NULL,
  `redirect` text COLLATE utf8mb4_unicode_ci NOT NULL,
  `personal_access_client` tinyint(1) NOT NULL,
  `password_client` tinyint(1) NOT NULL,
  `revoked` tinyint(1) NOT NULL,
  `created_at` timestamp NULL DEFAULT NULL,
  `updated_at` timestamp NULL DEFAULT NULL
) ENGINE=InnoDB DEFAULT CHARSET=utf8mb4 COLLATE=utf8mb4_unicode_ci;

-- --------------------------------------------------------

--
-- بنية الجدول `oauth_personal_access_clients`
--

CREATE TABLE `oauth_personal_access_clients` (
  `id` int(10) UNSIGNED NOT NULL,
  `client_id` int(10) UNSIGNED NOT NULL,
  `created_at` timestamp NULL DEFAULT NULL,
  `updated_at` timestamp NULL DEFAULT NULL
) ENGINE=InnoDB DEFAULT CHARSET=utf8mb4 COLLATE=utf8mb4_unicode_ci;

-- --------------------------------------------------------

--
-- بنية الجدول `oauth_refresh_tokens`
--

CREATE TABLE `oauth_refresh_tokens` (
  `id` varchar(100) COLLATE utf8mb4_unicode_ci NOT NULL,
  `access_token_id` varchar(100) COLLATE utf8mb4_unicode_ci NOT NULL,
  `revoked` tinyint(1) NOT NULL,
  `expires_at` datetime DEFAULT NULL
) ENGINE=InnoDB DEFAULT CHARSET=utf8mb4 COLLATE=utf8mb4_unicode_ci;

-- --------------------------------------------------------

--
-- بنية الجدول `password_resets`
--

CREATE TABLE `password_resets` (
  `email` varchar(191) COLLATE utf8mb4_unicode_ci NOT NULL,
  `token` varchar(191) COLLATE utf8mb4_unicode_ci NOT NULL,
  `created_at` timestamp NULL DEFAULT NULL
) ENGINE=InnoDB DEFAULT CHARSET=utf8mb4 COLLATE=utf8mb4_unicode_ci;

-- --------------------------------------------------------

--
-- بنية الجدول `schools`
--

CREATE TABLE `schools` (
  `id` bigint(20) UNSIGNED NOT NULL,
  `name` text COLLATE utf8mb4_unicode_ci NOT NULL,
  `stage` int(11) NOT NULL,
  `user_id` bigint(20) UNSIGNED NOT NULL,
  `created_at` timestamp NULL DEFAULT NULL,
  `updated_at` timestamp NULL DEFAULT NULL
) ENGINE=InnoDB DEFAULT CHARSET=utf8mb4 COLLATE=utf8mb4_unicode_ci;

--
-- إرجاع أو استيراد بيانات الجدول `schools`
--

INSERT INTO `schools` (`id`, `name`, `stage`, `user_id`, `created_at`, `updated_at`) VALUES
(5, 'ابتدائية العزبن عبدالسلام', 1, 4, NULL, NULL),
(6, 'ابتدائية يحيى اليزيدي لتحفيظ القرآن الكريم', 1, 5, NULL, NULL),
(7, 'ابتدائية أويس القرني', 1, 6, NULL, NULL),
(8, 'ابتدائية يحيى اليزيدي لتحفيظ القرآن الكريم', 1, 6, NULL, NULL),
(10, 'تحفيظ متوسطة مكي بن أبي طالب لتحفيظ القران الكريم', 2, 7, NULL, NULL),
(11, 'ابتدائية يحيى اليزيدي لتحفيظ القرآن الكريم', 1, 7, NULL, NULL),
(12, 'ابتدائية يزيد بن نعيم', 1, 8, NULL, NULL),
(14, 'برنامج التوحد بابتدائية يزيد بن نعيم', 1, 11, NULL, NULL);

-- --------------------------------------------------------

--
-- بنية الجدول `sender_names`
--

CREATE TABLE `sender_names` (
  `id` bigint(20) UNSIGNED NOT NULL,
  `sender_name` varchar(191) COLLATE utf8mb4_unicode_ci NOT NULL,
  `user_id` bigint(20) UNSIGNED NOT NULL,
  `created_at` timestamp NULL DEFAULT NULL,
  `updated_at` timestamp NULL DEFAULT NULL
) ENGINE=InnoDB DEFAULT CHARSET=utf8mb4 COLLATE=utf8mb4_unicode_ci;

--
-- إرجاع أو استيراد بيانات الجدول `sender_names`
--

INSERT INTO `sender_names` (`id`, `sender_name`, `user_id`, `created_at`, `updated_at`) VALUES
(1, 'School', 4, NULL, NULL),
(2, 'AZZABDUSLAM', 4, NULL, NULL),
(3, 'YzidiSchool', 5, NULL, NULL);

-- --------------------------------------------------------

--
-- بنية الجدول `students`
--

CREATE TABLE `students` (
  `id` bigint(20) UNSIGNED NOT NULL,
  `student_id` varchar(191) COLLATE utf8mb4_unicode_ci NOT NULL,
  `name` text COLLATE utf8mb4_unicode_ci NOT NULL,
  `phone` varchar(191) COLLATE utf8mb4_unicode_ci NOT NULL,
  `class_id` varchar(191) COLLATE utf8mb4_unicode_ci NOT NULL,
  `class_num` varchar(191) COLLATE utf8mb4_unicode_ci NOT NULL,
  `certificate` varchar(191) COLLATE utf8mb4_unicode_ci NOT NULL,
  `school_id` bigint(20) UNSIGNED NOT NULL,
  `sent_status` tinyint(4) NOT NULL DEFAULT 0,
  `created_at` timestamp NULL DEFAULT NULL,
  `updated_at` timestamp NULL DEFAULT NULL
) ENGINE=InnoDB DEFAULT CHARSET=utf8mb4 COLLATE=utf8mb4_unicode_ci;

--
-- إرجاع أو استيراد بيانات الجدول `students`
--

INSERT INTO `students` (`id`, `student_id`, `name`, `phone`, `class_id`, `class_num`, `certificate`, `school_id`, `sent_status`, `created_at`, `updated_at`) VALUES
(375, '1169956511', 'احمد محمد حماد العتيبي', '966554466243\r\n', '118', '1', '1169956511.pdf', 12, 0, NULL, NULL),
(376, '1167394467', 'خالد بجاد غالب القحطاني', '966550374775', '118', '1', '1167394467.pdf', 12, 0, NULL, NULL),
(377, '1171860875', 'خالد تركي خليف المطيري', '966555554790', '118', '1', '1171860875.pdf', 12, 0, NULL, NULL),
(378, '1171678749', 'خالد سلطان خالد العتيبي', '966556825286', '118', '1', '1171678749.pdf', 12, 0, NULL, NULL),
(379, '1169509492', 'خالد عبدالحكيم ناصر بن زايد', '966507151517', '118', '1', '1169509492.pdf', 12, 0, NULL, NULL),
(380, '1169892427', 'خالد عبدالله بن خالد بن باز', '966554043043', '118', '1', '1169892427.pdf', 12, 0, NULL, NULL),
(381, '1168892048', 'خالد محمد سالم القرني', '966503746062', '118', '1', '1168892048.pdf', 12, 0, NULL, NULL),
(382, '1171698176', 'راكان ناصر سعود السبيعي', '966554555401', '118', '1', '1171698176.pdf', 12, 0, NULL, NULL),
(383, '1170529836', 'رائد فهد سويلم العتيبي', '966557885202', '118', '1', '1170529836.pdf', 12, 0, NULL, NULL),
(384, '1167998812', 'رعد وائل عريش رعيدي', '966543948401', '118', '1', '1167998812.pdf', 12, 0, NULL, NULL),
(385, '2362795417', 'ريان احمد محمد راجح', '966505416341', '118', '1', '2362795417.pdf', 12, 0, NULL, NULL),
(386, '1172218966', 'زياد عبدالمحسن عبدالله القحطاني', '966506406105', '118', '1', '1172218966.pdf', 12, 0, NULL, NULL),
(387, '1169891858', 'سعد ثامر محمد المالكي', '966503156449', '118', '1', '1169891858.pdf', 12, 0, NULL, NULL),
(388, '1169070834', 'سعود تركي ابن حمدان الغامدي', '966554101099', '118', '1', '1169070834.pdf', 12, 0, NULL, NULL),
(389, '1170795452', 'سعود فيصل حمد المطيري', '966562327144', '118', '1', '1170795452.pdf', 12, 0, NULL, NULL),
(390, '1169469903', 'سلطان تركي ربيع الغامدي', '966555607623', '118', '1', '1169469903.pdf', 12, 0, NULL, NULL),
(391, '1170058042', 'سلطان محمد عبدالله الشهري', '966598261023', '118', '1', '1170058042.pdf', 12, 0, NULL, NULL),
(392, '1180042317', 'سلمان طلال بن سعود الهذيلي', '966555844744', '118', '1', '1180042317.pdf', 12, 0, NULL, NULL),
(393, '1167856853', 'صالح نصيب صالح الزهراني', '966556680996', '118', '1', '1167856853.pdf', 12, 0, NULL, NULL),
(394, '1169247325', 'عبدالرحمن محمد عبدالرحمن الشهري', '966555557447', '118', '1', '1169247325.pdf', 12, 0, NULL, NULL),
(395, '1171969999', 'عبدالعزيز حمد عبدالله الغويري', '966550086820', '118', '1', '1171969999.pdf', 12, 0, NULL, NULL),
(396, '1167411501', 'عبدالعزيز عبدالله عبدالعزيز بن موسى', '966500604334', '118', '1', '1167411501.pdf', 12, 0, NULL, NULL),
(397, '1168973657', 'عبدالعزيز محمد هادي القحطاني', '966558885550', '118', '1', '1168973657.pdf', 12, 0, NULL, NULL),
(398, '1171340647', 'عبداللطيف ماجد محمد الاسمري', '966507730189', '118', '1', '1171340647.pdf', 12, 0, NULL, NULL),
(399, '1169241856', 'عبدالله سلمان بن عبدالله التميمي', '966555444359', '118', '1', '1169241856.pdf', 12, 0, NULL, NULL),
(400, '1170102022', 'عبدالله عبدالعزيز عبدالله السلطان', '966532969091', '118', '1', '1170102022.pdf', 12, 0, NULL, NULL),
(401, '1166609949', 'عبدالله محمد ابن عبدالعزيز الشهراني', '966559912112', '118', '1', '1166609949.pdf', 12, 0, NULL, NULL),
(402, '1164935882', 'عزام مهدي مصبح الشراري', '966547999302', '118', '1', '1164935882.pdf', 12, 0, NULL, NULL),
(403, '1168267852', 'عمر سعد بن محمد القرني', '966542406233', '118', '1', '1168267852.pdf', 12, 0, NULL, NULL),
(404, '1161848807', 'عمر فهد حسن الحربي', '966536078367', '118', '1', '1161848807.pdf', 12, 0, NULL, NULL),
(405, '1169504097', 'فيصل الحميدي فيحان المطيري', '966557284491', '118', '1', '1169504097.pdf', 12, 0, NULL, NULL),
(406, '1174683886', 'فيصل محمد هليل العتيبي', '966509002271', '118', '1', '1174683886.pdf', 12, 0, NULL, NULL),
(407, '1167029188', 'ماجد نايف ماجد العتيبي', '966557575494', '118', '1', '1167029188.pdf', 12, 0, NULL, NULL),
(408, '1171596537', 'مجد خالد سلمان العشيوي', '966559810981', '118', '1', '1171596537.pdf', 12, 0, NULL, NULL),
(409, '1161385461', 'محمد عايض عبدالله آل مضحي', '966508828548', '118', '1', '1161385461.pdf', 12, 0, NULL, NULL),
(410, '1165885722', 'مراد ايجاد يحي شريفي', '966563056242', '118', '1', '1165885722.pdf', 12, 0, NULL, NULL),
(411, '1168794186', 'هاشم عبدالرحمن فالح الشهراني', '966597812349', '118', '1', '1168794186.pdf', 12, 0, NULL, NULL),
(412, '1171140120', 'هويمل حسن بن سعد العجمي', '966500226122', '118', '1', '1171140120.pdf', 12, 0, NULL, NULL),
(413, '1169640255', 'يحيى ناصر يحيى حمدي', '966596032445', '118', '1', '1169640255.pdf', 12, 0, NULL, NULL),
(414, '1167425709', 'يوسف عبدالله سلف العتيبي', '966504494419', '118', '1', '1167425709.pdf', 12, 0, NULL, NULL),
(415, '1172827634', 'ابراهيم محمد ابراهيم الصعب', '966506111167', '119', '2', '1172827634.pdf', 12, 0, NULL, NULL),
(416, '1169624085', 'أسامه يوسف محمد العتيبي', '966556155504', '119', '2', '1169624085.pdf', 12, 0, NULL, NULL),
(417, '1166822179', 'الوليد ثامر سعيد الشهراني', '966543358888', '119', '2', '1166822179.pdf', 12, 0, NULL, NULL),
(418, '1170374845', 'اياد ماجد قليل الشهري', '966557887375', '119', '2', '1170374845.pdf', 12, 0, NULL, NULL),
(419, '1167791522', 'بندر عبدالله محمد الشهراني', '966503159850', '119', '2', '1167791522.pdf', 12, 0, NULL, NULL),
(420, '1171523259', 'تركي محمد سعيد الغامدي', '966502408999', '119', '2', '1171523259.pdf', 12, 0, NULL, NULL),
(421, '1170665275', 'تركي مروان يوسف القرني', '966560065957', '119', '2', '1170665275.pdf', 12, 0, NULL, NULL),
(422, '1171113044', 'تركي ناصر عوضه سعيد', '966597335555', '119', '2', '1171113044.pdf', 12, 0, NULL, NULL),
(423, '1169643275', 'تميم شاكر عقيل المطيري', '966547876135', '119', '2', '1169643275.pdf', 12, 0, NULL, NULL),
(424, '1170739195', 'راكان ابراهيم ناصر الماجد', '966509855750', '119', '2', '1170739195.pdf', 12, 0, NULL, NULL),
(425, '1169890462', 'رائد ناصر مسفر ابن جراش', '', '119', '2', '1169890462.pdf', 12, 0, NULL, NULL),
(426, '1171311135', 'زياد خالد محمد الغامدي', '966502323760', '119', '2', '1171311135.pdf', 12, 0, NULL, NULL),
(427, '1173643451', 'سعد تركي عبدالله آل مريد', '966505276961', '119', '2', '1173643451.pdf', 12, 0, NULL, NULL),
(428, '1168683405', 'سعود عبدالله بن محماس القحطاني', '966548230363', '119', '2', '1168683405.pdf', 12, 0, NULL, NULL),
(429, '1171291923', 'سعود فؤاد جيبان دهلي', '966553740895', '119', '2', '1171291923.pdf', 12, 0, NULL, NULL),
(430, '1169853999', 'عامر موسى عامر الربعي', '966531620098', '119', '2', '1169853999.pdf', 12, 0, NULL, NULL),
(431, '1167928751', 'عبدالاله مشاري حمود العتيبي', '966501222322', '119', '2', '1167928751.pdf', 12, 0, NULL, NULL),
(432, '1169680749', 'عبدالعزيز سعد سعود العلي', '966551622228', '119', '2', '1169680749.pdf', 12, 0, NULL, NULL),
(433, '1169601489', 'عبدالعزيز محمد خالد السبيعي', '966500008051', '119', '2', '1169601489.pdf', 12, 0, NULL, NULL),
(434, '1167771276', 'عبدالله خالد عبدالرحمن الشهري', '966508152158', '119', '2', '1167771276.pdf', 12, 0, NULL, NULL),
(435, '1170311243', 'عبدالله خالد عبدالله القحطاني', '966566766747', '119', '2', '1170311243.pdf', 12, 0, NULL, NULL),
(436, '1167604048', 'عبدالله نواف عبدالله الدحيم', '966554225589', '119', '2', '1167604048.pdf', 12, 0, NULL, NULL),
(437, '1168889564', 'علي عبدالله علي الفقيه', '966555339290', '119', '2', '1168889564.pdf', 12, 0, NULL, NULL),
(438, '1171618612', 'غيث نواف محمد المالكي', '966556511770', '119', '2', '1171618612.pdf', 12, 0, NULL, NULL),
(439, '1171295049', 'فهد سعيد فائز الشمراني', '966568686115', '119', '2', '1171295049.pdf', 12, 0, NULL, NULL),
(440, '1169522917', 'فهد علي عبدالله العجلان', '966503172737', '119', '2', '1169522917.pdf', 12, 0, NULL, NULL),
(441, '1170847154', 'فهد مهدي فلاح القحطاني', '966557556352', '119', '2', '1170847154.pdf', 12, 0, NULL, NULL),
(442, '1171771825', 'ماجد احمد عبدالعزيز العبدالله', '966503271471', '119', '2', '1171771825.pdf', 12, 0, NULL, NULL),
(443, '1148917592', 'محمد عبدالله ثابت القحطاني', '966504563778', '119', '2', '1148917592.pdf', 12, 0, NULL, NULL),
(444, '1174107506', 'محمد علي بن محمد ال صمع', '966565676850', '119', '2', '1174107506.pdf', 12, 0, NULL, NULL),
(445, '1168749644', 'مشاري فهد خازم الشهري', '966569394656', '119', '2', '1168749644.pdf', 12, 0, NULL, NULL),
(446, '1180884387', 'مشعل تركي عبدالله الشهري', '966501226762', '119', '2', '1180884387.pdf', 12, 0, NULL, NULL),
(447, '1168920898', 'معاذ سلمان عبدالله العمري', '966553399827', '119', '2', '1168920898.pdf', 12, 0, NULL, NULL),
(448, '1168940870', 'ناصر فيصل ناصر السعد', '966537777968', '119', '2', '1168940870.pdf', 12, 0, NULL, NULL),
(449, '1168303046', 'نايف بدر عائش العتيبي', '966550038525', '119', '2', '1168303046.pdf', 12, 0, NULL, NULL),
(450, '1168834693', 'نواف عوض محمد القحطاني', '966550612381', '119', '2', '1168834693.pdf', 12, 0, NULL, NULL),
(451, '1172292821', 'ياسر طلال يحيى ال خيرات', '966542595995', '119', '2', '1172292821.pdf', 12, 0, NULL, NULL),
(452, '1168917761', 'يوسف محمد عدنان حكيم', '966545411515', '119', '2', '1168917761.pdf', 12, 0, NULL, NULL),
(492, '1165099365', 'احمد نواف احمد الحزيم', '966551039466', '121', '1', '1165099365.pdf', 12, 0, NULL, NULL),
(493, '1167817707', 'اوس بن عبدالله بن محمد القرني البحيري', '966507397145', '121', '1', '1167817707.pdf', 12, 0, NULL, NULL),
(494, '1166521045', 'بدر مبارك محمد القحطاني', '966551111870', '121', '1', '1166521045.pdf', 12, 0, NULL, NULL),
(495, '1163755760', 'بسام ياسين علي الشهري', '966564466542', '121', '1', '1163755760.pdf', 12, 0, NULL, NULL),
(496, '1163301276', 'تركي بندر مناع المطيري', '966553118334', '121', '1', '1163301276.pdf', 12, 0, NULL, NULL),
(497, '1168001491', 'تميم بن فلاح بن صالح الدلبحي', '966562383822', '121', '1', '1168001491.pdf', 12, 0, NULL, NULL),
(498, '1165834399', 'حسن تركي حسن الشهراني', '966507073134', '121', '1', '1165834399.pdf', 12, 0, NULL, NULL),
(499, '1165700558', 'حمد سعيد بن محمد المهرى', '966552888384', '121', '1', '1165700558.pdf', 12, 0, NULL, NULL),
(500, '1168476123', 'خالد بندر عجير العتيبي', '966500103101', '121', '1', '1168476123.pdf', 12, 0, NULL, NULL),
(501, '1164529362', 'ذيب سعيد محمد آل عادي', '966505276961', '121', '1', '1164529362.pdf', 12, 0, NULL, NULL),
(502, '1167834421', 'راشد سهيل سعد الدريس', '966505270457', '121', '1', '1167834421.pdf', 12, 0, NULL, NULL),
(503, '1165234327', 'رائد متعب محمد ودعاني', '966591111248', '121', '1', '1165234327.pdf', 12, 0, NULL, NULL),
(504, '1170030454', 'رعد سالم عيضه المالكي', '966550650536', '121', '1', '1170030454.pdf', 12, 0, NULL, NULL),
(505, '1167651205', 'رواد علي محمد الغامدي', '966534888120', '121', '1', '1167651205.pdf', 12, 0, NULL, NULL),
(506, '1164297986', 'زياد تركي حسن الفيفي', '966541122699', '121', '1', '1164297986.pdf', 12, 0, NULL, NULL),
(507, '1166120475', 'سالم مصعب سالم الهاجري', '966555120129', '121', '1', '1166120475.pdf', 12, 0, NULL, NULL),
(508, '1161969884', 'سطام احمد صقر العتيبي', '966551077728', '121', '1', '1161969884.pdf', 12, 0, NULL, NULL),
(509, '1165313485', 'سطام فهد مقبل النفيعي', '966555293150', '121', '1', '1165313485.pdf', 12, 0, NULL, NULL),
(510, '1166627537', 'سعد بن عبدالله بن ناصر آل عبدالسلام', '966505600096', '121', '1', '1166627537.pdf', 12, 0, NULL, NULL),
(511, '1166404655', 'سعد عبدالله عائد الحربي', '966599882327', '121', '1', '1166404655.pdf', 12, 0, NULL, NULL),
(512, '1165618651', 'سعود عبدالعزيز موسى البارقي', '966595440448', '121', '1', '1165618651.pdf', 12, 0, NULL, NULL),
(513, '1163803644', 'سلطان احمد محمد المطيري', '966541234150', '121', '1', '1163803644.pdf', 12, 0, NULL, NULL),
(514, '1167706835', 'سلطان علي محمد القحطاني', '966545864452', '121', '1', '1167706835.pdf', 12, 0, NULL, NULL),
(515, '1167899549', 'صالح ناصر عايش الشيباني', '966595163666', '121', '1', '1167899549.pdf', 12, 0, NULL, NULL),
(516, '1163074543', 'عبدالاله ناصر هذال بن عبود', '966507779112', '121', '1', '1163074543.pdf', 12, 0, NULL, NULL),
(517, '1162853434', 'عبدالرحمن حمد عبدالله الغويري', '966550086820', '121', '1', '1162853434.pdf', 12, 0, NULL, NULL),
(518, '1164589051', 'عبدالعزيز بن شاهر بن عبدالعزيز الحمادي', '966566663673', '121', '1', '1164589051.pdf', 12, 0, NULL, NULL),
(519, '1158381572', 'عبدالعزيز ياسر عبدالله فرج', '966555001117', '121', '1', '1158381572.pdf', 12, 0, NULL, NULL),
(520, '1163551375', 'عبدالله عبدالواحد بن عبدالله آل قاسم', '966569491991', '121', '1', '1163551375.pdf', 12, 0, NULL, NULL),
(521, '1167347838', 'عبدالله علي عبدالله بن عتيق', '966551111315', '121', '1', '1167347838.pdf', 12, 0, NULL, NULL),
(522, '1168282679', 'عبدالله عيسى زامل الحربي', '966553998090', '121', '1', '1168282679.pdf', 12, 0, NULL, NULL),
(523, '1166290930', 'عبدالله محمد حمود الشهراني', '966501388884', '121', '1', '1166290930.pdf', 12, 0, NULL, NULL),
(524, '1164200154', 'فارس محمد عبدالله الزهراني', '966550501316', '121', '1', '1164200154.pdf', 12, 0, NULL, NULL),
(525, '1163631607', 'فارس نايف محمد الشيباني', '966555551091', '121', '1', '1163631607.pdf', 12, 0, NULL, NULL),
(526, '1164151886', 'فايز عيد بن عبيد العتيبي', '966555643338', '121', '1', '1164151886.pdf', 12, 0, NULL, NULL),
(527, '1167062478', 'فهد محمد فهد الحقباني', '966544776060', '121', '1', '1167062478.pdf', 12, 0, NULL, NULL),
(528, '1166808723', 'فيصل خالد مرداس الجبلي', '966541886846', '121', '1', '1166808723.pdf', 12, 0, NULL, NULL),
(529, '1166960946', 'ناصر سطام ناصر الحاتم', '966503454213', '121', '1', '1166960946.pdf', 12, 0, NULL, NULL),
(530, '1162845349', 'وسام بن عبدالله بن محمد القرني البحيري', '966553726774', '121', '1', '1162845349.pdf', 12, 0, NULL, NULL),
(531, '1165749316', 'احمد بدر بن خالد الشيباني', '966566669536', '122', '2', '1165749316.pdf', 12, 0, NULL, NULL),
(532, '1168034674', 'اياد تركي محمد الصبياني', '966544414020', '122', '2', '1168034674.pdf', 12, 0, NULL, NULL),
(533, '1164728709', 'باسم عبدالله بن ياسين الشهري', '966504224483', '122', '2', '1164728709.pdf', 12, 0, NULL, NULL),
(534, '1168243432', 'حاتم عويض بن عائش المطيري', '966555455121', '122', '2', '1168243432.pdf', 12, 0, NULL, NULL),
(535, '1165321884', 'حسام عبدالحكيم ابن حسن القحطاني', '966554498118', '122', '2', '1165321884.pdf', 12, 0, NULL, NULL),
(536, '1166363513', 'رياض فلاح شائع القحطاني', '966558880014', '122', '2', '1166363513.pdf', 12, 0, NULL, NULL),
(537, '1165841279', 'سامي عيسى سعيد الدوسري', '966533006885', '122', '2', '1165841279.pdf', 12, 0, NULL, NULL),
(538, '1165361963', 'سعد معاذ محمد سوادي', '966509036494', '122', '2', '1165361963.pdf', 12, 0, NULL, NULL),
(539, '1164521096', 'سعود خالد نياف المطيري', '966552255698', '122', '2', '1164521096.pdf', 12, 0, NULL, NULL),
(540, '1165043272', 'سعود ظافر مشبب ال ضعين', '966532603321', '122', '2', '1165043272.pdf', 12, 0, NULL, NULL),
(541, '1168133617', 'سلطان فلاح ذياب العنزي', '966546066785', '122', '2', '1168133617.pdf', 12, 0, NULL, NULL),
(542, '1166307742', 'سليمان عبدالله بن سليمان الدخيل', '966505125468', '122', '2', '1166307742.pdf', 12, 0, NULL, NULL),
(543, '1166226678', 'عاطف محمد بن عبدالرحمن النعمان', '966532832933', '122', '2', '1166226678.pdf', 12, 0, NULL, NULL),
(544, '1165692649', 'عامر محمد مناور المطيري', '966545511020', '122', '2', '1165692649.pdf', 12, 0, NULL, NULL),
(545, '1165050640', 'عبدالرحمن سلمان عبدالرحمن الخليفي', '966541475825', '122', '2', '1165050640.pdf', 12, 0, NULL, NULL),
(546, '1169280532', 'عبدالعزيز محمد صالح بن عاصم', '966599555541', '122', '2', '1169280532.pdf', 12, 0, NULL, NULL),
(547, '1168620837', 'عبدالله سعد عبدالله القرني', '966591313997', '122', '2', '1168620837.pdf', 12, 0, NULL, NULL),
(548, '1163882911', 'عبدالله طارق علي المالكي', '966566080110', '122', '2', '1163882911.pdf', 12, 0, NULL, NULL),
(549, '1164952523', 'عبدالملك سعد ثواب البقمي', '966500814149', '122', '2', '1164952523.pdf', 12, 0, NULL, NULL),
(550, '1165724459', 'عماد محمد حسين الشهري', '966559272932', '122', '2', '1165724459.pdf', 12, 0, NULL, NULL),
(551, '1163342221', 'عمر فايز صويلح العتيبي', '966544499909', '122', '2', '1163342221.pdf', 12, 0, NULL, NULL),
(552, '1161203508', 'فارس تركي صالح الجميل', '966569965883', '122', '2', '1161203508.pdf', 12, 0, NULL, NULL),
(553, '1167165388', 'فهد بندر سعد العمري', '966568319997', '122', '2', '1167165388.pdf', 12, 0, NULL, NULL),
(554, '1165026624', 'فهد عبدالرحمن حمد الغنام', '966555203050', '122', '2', '1165026624.pdf', 12, 0, NULL, NULL),
(555, '1164664425', 'فهد عبدالعزيز فهد الدريس', '966531114142', '122', '2', '1164664425.pdf', 12, 0, NULL, NULL),
(556, '1167550621', 'فيصل فهد محسن المريبض', '966504470705', '122', '2', '1167550621.pdf', 12, 0, NULL, NULL),
(557, '1163720483', 'محمد عبدالله بن غربي الشمري', '966541914845', '122', '2', '1163720483.pdf', 12, 0, NULL, NULL),
(558, '8712940003', 'محمد علي مصلح عمير', '966530535648', '122', '2', '8712940003.pdf', 12, 0, NULL, NULL),
(559, '1164762773', 'محمد مليف هايف السبيعي', '966535502454', '122', '2', '1164762773.pdf', 12, 0, NULL, NULL),
(560, '2367174253', 'محمود سامر محمود شحاده', '966531616442', '122', '2', '2367174253.pdf', 12, 0, NULL, NULL),
(561, '1166283992', 'مختار محمد مختار عبدالله', '966544437489', '122', '2', '1166283992.pdf', 12, 0, NULL, NULL),
(562, '1169112511', 'مشاري عبدالرحمن محمد الفرحان', '966555218062', '122', '2', '1169112511.pdf', 12, 0, NULL, NULL),
(563, '1164101147', 'معاذ طارق عبدالرحمن الفدى', '966582333088', '122', '2', '1164101147.pdf', 12, 0, NULL, NULL),
(564, '1164064253', 'ناصر محمد حسن الدوسري', '966591181271', '122', '2', '1164064253.pdf', 12, 0, NULL, NULL),
(565, '1167232014', 'ناصر محمد علي عسيري', '966558886643', '122', '2', '1167232014.pdf', 12, 0, NULL, NULL),
(566, '1163962788', 'هتان عبدالله علي الغامدي', '966565658228', '122', '2', '1163962788.pdf', 12, 0, NULL, NULL),
(567, '1169604939', 'وازع ناصر بن وازع القحطاني', '966558912003', '122', '2', '1169604939.pdf', 12, 0, NULL, NULL),
(568, '1166438380', 'يوسف طارق مفلح المطيري', '966505188285', '122', '2', '1166438380.pdf', 12, 0, NULL, NULL),
(569, '1169280649', 'يوسف محمد صالح بن عاصم', '966599555541', '122', '2', '1169280649.pdf', 12, 0, NULL, NULL),
(736, '1156775189', 'أصيل عبدالله بن محمد العوض', '966505502002', '127', '1', '1156775189.pdf', 12, 0, NULL, NULL),
(737, '1151147780', 'الياس منصور مرزوق الدوسري', '966551900191', '127', '1', '1151147780.pdf', 12, 0, NULL, NULL),
(738, '1154526378', 'باسل علي محمد السملق', '966544111617', '127', '1', '1154526378.pdf', 12, 0, NULL, NULL),
(739, '1155272410', 'بتال نواف محمد المالكي', '966556511770', '127', '1', '1155272410.pdf', 12, 0, NULL, NULL),
(740, '1158497378', 'بسام بن نايف بن محمد الشيباني', '966555555658', '127', '1', '1158497378.pdf', 12, 0, NULL, NULL),
(741, '1167787959', 'بسام منصور بركى المطيري', '966555006086', '127', '1', '1167787959.pdf', 12, 0, NULL, NULL),
(742, '1160906861', 'حاتم علي يعقوب القرني', '966560223380', '127', '1', '1160906861.pdf', 12, 0, NULL, NULL),
(743, '1159210432', 'خالد عبدالله سعيد الزهراني', '966550875152', '127', '1', '1159210432.pdf', 12, 0, NULL, NULL),
(744, '1156604553', 'ريان عبدالعزيز سيف العريفي', '966503472029', '127', '1', '1156604553.pdf', 12, 0, NULL, NULL),
(745, '1153026453', 'سعد بن عبدالاله بن عبدالرحمن بن طلحه', '966545669658', '127', '1', '1153026453.pdf', 12, 0, NULL, NULL),
(746, '1157190412', 'سعيد عبدالرحمن عائض الفطاحين', '966544053000', '127', '1', '1157190412.pdf', 12, 0, NULL, NULL),
(747, '1162075418', 'سلطان حسين مفلح الشيباني', '966552514142', '127', '1', '1162075418.pdf', 12, 0, NULL, NULL),
(748, '1159362662', 'سيف فيصل لافي المطيري', '966559866651', '127', '1', '1159362662.pdf', 12, 0, NULL, NULL),
(749, '1156205344', 'عبدالاله محمد حسين الشهري', '966559272932', '127', '1', '1156205344.pdf', 12, 0, NULL, NULL),
(750, '1182449056', 'عبدالرحمن بن صالح بن محمد الحسني الزهراني', '966557195483', '127', '1', '1182449056.pdf', 12, 0, NULL, NULL),
(751, '1157803329', 'عبدالرحمن طارق عبدالرحمن الفدى', '966582333088', '127', '1', '1157803329.pdf', 12, 0, NULL, NULL),
(752, '1150557757', 'عبدالعزيز بن محمد بن عبده بن احمد العطيفي عبدلي', '966559007951', '127', '1', '1150557757.pdf', 12, 0, NULL, NULL),
(753, '1156219642', 'عبدالعزيز تركي عزيز العتيبي', '966554222215', '127', '1', '1156219642.pdf', 12, 0, NULL, NULL),
(754, '1157212703', 'عبدالعزيز عبدالرحمن غرم الاكلبي', '966555231181', '127', '1', '1157212703.pdf', 12, 0, NULL, NULL),
(755, '1182353266', 'عبدالعزيز عليان محمد العليان', '966564232322', '127', '1', '1182353266.pdf', 12, 0, NULL, NULL),
(756, '1153860299', 'عبدالله عثمان عبدالله الجبرين', '966592777845', '127', '1', '1153860299.pdf', 12, 0, NULL, NULL),
(757, '1153138696', 'عزام عبدالرحمن عبدالله الدوسري', '966551900191', '127', '1', '1153138696.pdf', 12, 0, NULL, NULL),
(758, '1157009786', 'عزام موسى موسم المطيري', '966509999047', '127', '1', '1157009786.pdf', 12, 0, NULL, NULL),
(759, '2325811566', 'علي محمد علي فقيه', '966502000237', '127', '1', '2325811566.pdf', 12, 0, NULL, NULL),
(760, '1157327576', 'علي هيثم بن علوي الساده', '966549337783', '127', '1', '1157327576.pdf', 12, 0, NULL, NULL),
(761, '1158115277', 'علي وليد علي قحل', '966590039619', '127', '1', '1158115277.pdf', 12, 0, NULL, NULL),
(762, '1156544239', 'غالب بجاد غالب القحطاني', '966553620822', '127', '1', '1156544239.pdf', 12, 0, NULL, NULL),
(763, '1155406752', 'غيث عبدالعزيز خلف الرشيدي', '966500011128', '127', '1', '1155406752.pdf', 12, 0, NULL, NULL),
(764, '1157044593', 'فهد بندر رشيد الرشيد', '966505195271', '127', '1', '1157044593.pdf', 12, 0, NULL, NULL),
(765, '1156754564', 'فهد عبدالله علي الفقيه', '966555339290', '127', '1', '1156754564.pdf', 12, 0, NULL, NULL),
(766, '1157776665', 'فهد ناصر بن صالح الدعجاني', '966558015064', '127', '1', '1157776665.pdf', 12, 0, NULL, NULL),
(767, '1159581915', 'فيصل حسن بن قبلان آل غراب', '966538080892', '127', '1', '1159581915.pdf', 12, 0, NULL, NULL),
(768, '1158149938', 'قصي عبدالعزيز محمد العبدالله', '966500202212', '127', '1', '1158149938.pdf', 12, 0, NULL, NULL),
(769, '1155683970', 'محمد بن ابراهيم بن محمد الفليج السبيعي', '966551171114', '127', '1', '1155683970.pdf', 12, 0, NULL, NULL),
(770, '1157972199', 'محمد عبدالمحسن عبدالله القحطاني', '966506406105', '127', '1', '1157972199.pdf', 12, 0, NULL, NULL),
(771, '1155288598', 'محمد مصلح ابن حامد الشمراني', '966556719748', '127', '1', '1155288598.pdf', 12, 0, NULL, NULL),
(772, '1159085875', 'مشعل بن فارس بن عنيزان العنمي الجهني', '966567100660', '127', '1', '1159085875.pdf', 12, 0, NULL, NULL),
(773, '1153606478', 'مهند مجاهد هايف المطيري', '966535266638', '127', '1', '1153606478.pdf', 12, 0, NULL, NULL),
(774, '1156979302', 'نايف سعد محمد الفراج', '966530314877', '127', '1', '1156979302.pdf', 12, 0, NULL, NULL),
(775, '1157741073', 'نواف ذيب علي القحطاني', '966532754717', '127', '1', '1157741073.pdf', 12, 0, NULL, NULL),
(776, '2319456238', 'هشام غازي سعيد باحيدر', '966503646463', '127', '1', '2319456238.pdf', 12, 0, NULL, NULL),
(777, '1148452483', 'وليد نواف يوسف الشايقي', '966599123913', '127', '1', '1148452483.pdf', 12, 0, NULL, NULL),
(778, '2315528931', 'يحيى علاء منصور حبيب', '966505551984', '127', '1', '2315528931.pdf', 12, 0, NULL, NULL),
(779, '1167790946', 'إبراهيم بن بدربن سعد آل مغيره', '966533996020', '128', '2', '1167790946.pdf', 12, 0, NULL, NULL),
(780, '1159384641', 'احمد محمد احمد عسيري', '966540898911', '128', '2', '1159384641.pdf', 12, 0, NULL, NULL),
(781, '1155566134', 'أسامة ياسر صالح اللحياني', '966538198146', '128', '2', '1155566134.pdf', 12, 0, NULL, NULL),
(782, '1154633901', 'اياد محمد عايض الشهري', '966559988359', '128', '2', '1154633901.pdf', 12, 0, NULL, NULL),
(783, '1157740794', 'تركي محمد عتقان العتيبي', '966530376424', '128', '2', '1157740794.pdf', 12, 0, NULL, NULL),
(784, '1157235761', 'خالد ياسين محمد الشهري', '966590117081', '128', '2', '1157235761.pdf', 12, 0, NULL, NULL),
(785, '2320915271', 'رايان احمد اياد السقا', '966533909170', '128', '2', '2320915271.pdf', 12, 0, NULL, NULL),
(786, '1155018516', 'رائد علي بن احمد حمدي', '966544225255', '128', '2', '1155018516.pdf', 12, 0, NULL, NULL),
(787, '1156485946', 'زياد احمد ابراهيم عواجي', '966563890893', '128', '2', '1156485946.pdf', 12, 0, NULL, NULL),
(788, '1157252899', 'سلطان بن خالد بن سلمان العشيوي', '966559810981', '128', '2', '1157252899.pdf', 12, 0, NULL, NULL),
(789, '1156533075', 'سيف بدر عبدالله البواردي', '966551115111', '128', '2', '1156533075.pdf', 12, 0, NULL, NULL),
(790, '1157242767', 'عبد العزيز عبدالله دعيرم العتيبي', '966555554130', '128', '2', '1157242767.pdf', 12, 0, NULL, NULL),
(791, '1158410645', 'عبدالرحمن صالح عبدالله الرشيد', '966555141465', '128', '2', '1158410645.pdf', 12, 0, NULL, NULL),
(792, '1156101717', 'عبدالعزيز بن مضحي بن مطر المطيري', '966505323208', '128', '2', '1156101717.pdf', 12, 0, NULL, NULL),
(793, '1148698507', 'عبدالعزيز فهد محمد القحطاني', '966567466559', '128', '2', '1148698507.pdf', 12, 0, NULL, NULL),
(794, '1155587379', 'عبدالعزيز ماجد قطيم العتيبي', '966500005636', '128', '2', '1155587379.pdf', 12, 0, NULL, NULL),
(795, '1163681347', 'عبدالعزيز محمد صنهات الشيباني', '966550555955', '128', '2', '1163681347.pdf', 12, 0, NULL, NULL),
(796, '1156358366', 'عبدالله حزام محمد الشهري', '966504187853', '128', '2', '1156358366.pdf', 12, 0, NULL, NULL),
(797, '1153768351', 'عبدالمجيد ابراهيم بن ناصر العبدالله', '966504224235', '128', '2', '1153768351.pdf', 12, 0, NULL, NULL),
(798, '1158160794', 'عبدالمحسن زيد ناصر السلطان', '966537372384', '128', '2', '1158160794.pdf', 12, 0, NULL, NULL),
(799, '1159248903', 'عساف نايف محمد البديع', '966555230120', '128', '2', '1159248903.pdf', 12, 0, NULL, NULL),
(800, '1155980855', 'علي سعيد علي الشهري', '966563194611', '128', '2', '1155980855.pdf', 12, 0, NULL, NULL),
(801, '1157635176', 'علي محمد علي الشهري', '966542105342', '128', '2', '1157635176.pdf', 12, 0, NULL, NULL),
(802, '1158476240', 'علي محمد علي عسيري', '966557793666', '128', '2', '1158476240.pdf', 12, 0, NULL, NULL),
(803, '1157239938', 'عمر بن لافي بن سويلم الشلاحي المطيري', '966555524529', '128', '2', '1157239938.pdf', 12, 0, NULL, NULL),
(804, '1157281492', 'غانم سعد غانم الغانم', '966506119611', '128', '2', '1157281492.pdf', 12, 0, NULL, NULL),
(805, '1151463377', 'فارس زارب عبدالله القحطاني', '966559907888', '128', '2', '1151463377.pdf', 12, 0, NULL, NULL),
(806, '1155795899', 'فهد محمد عبدالله الشهري', '966598261023', '128', '2', '1155795899.pdf', 12, 0, NULL, NULL),
(807, '1155104860', 'محمد احمد سعيد الغامدي', '966543415156', '128', '2', '1155104860.pdf', 12, 0, NULL, NULL),
(808, '1156339689', 'محمد بن طلال بن فهد الاسلم الشمري', '966530666862', '128', '2', '1156339689.pdf', 12, 0, NULL, NULL),
(809, '1163936139', 'محمد بن فواز بن ناصر العتيبي', '966504213686', '128', '2', '1163936139.pdf', 12, 0, NULL, NULL),
(810, '1164484725', 'محمد جعفر حسن القحطاني', '966555294608', '128', '2', '1164484725.pdf', 12, 0, NULL, NULL),
(811, '1157909571', 'محمد فهد شباب العتيبي', '966540088688', '128', '2', '1157909571.pdf', 12, 0, NULL, NULL),
(812, '1155229428', 'محمد ماجد محمد المالكي', '966565190111', '128', '2', '1155229428.pdf', 12, 0, NULL, NULL),
(813, '1155581315', 'مروان بن عبدالملك بن عبدالخالق الغامدي', '966550425342', '128', '2', '1155581315.pdf', 12, 0, NULL, NULL),
(814, '1158362556', 'مشاري خالد بن عبدالله الحماد', '966590557550', '128', '2', '1158362556.pdf', 12, 0, NULL, NULL),
(815, '1156127100', 'مشاري محمد يحي شراحيلي', '966500902090', '128', '2', '1156127100.pdf', 12, 0, NULL, NULL),
(816, '1154306375', 'معاذ مبارك مشعان سالم الحامد', '966505267096', '128', '2', '1154306375.pdf', 12, 0, NULL, NULL),
(817, '1158151884', 'نوار ناصر بن عبدالرحمن البواردي', '966540033890', '128', '2', '1158151884.pdf', 12, 0, NULL, NULL),
(818, '1157144914', 'نواف فايز محمد المطيري', '966530555526', '128', '2', '1157144914.pdf', 12, 0, NULL, NULL),
(819, '1156237909', 'هاشم عيسى خضير البجالي', '966500089956', '128', '2', '1156237909.pdf', 12, 0, NULL, NULL),
(820, '1160715213', 'هتان منصور سلطان المطيري', '966505844648', '128', '2', '1160715213.pdf', 12, 0, NULL, NULL),
(821, '1154466237', 'يزن موسى علي فقيه', '966568842929', '128', '2', '1154466237.pdf', 12, 0, NULL, NULL),
(822, '1158884567', 'بسام سعد ابن محمد الحارثي', '966592200285', '129', '3', '1158884567.pdf', 12, 0, NULL, NULL),
(823, '1145446900', 'بندر سعد هديبان المطيري', '966582442242', '129', '3', '1145446900.pdf', 12, 0, NULL, NULL),
(824, '1155454836', 'ثامر احمد عبدالعزيز العبدالله', '966503271471', '129', '3', '1155454836.pdf', 12, 0, NULL, NULL),
(825, '1155252453', 'ثامر رامى سعيد القحطاني', '966544444969', '129', '3', '1155252453.pdf', 12, 0, NULL, NULL),
(826, '1158038586', 'حاتم بن محمد بن حمود الشهراني', '966501388884', '129', '3', '1158038586.pdf', 12, 0, NULL, NULL),
(827, '1155798679', 'داود هادي محمد حدادي', '966503405854', '129', '3', '1155798679.pdf', 12, 0, NULL, NULL),
(828, '1158981439', 'راكان انور جمعان عبلان', '966559111113', '129', '3', '1158981439.pdf', 12, 0, NULL, NULL),
(829, '1159906765', 'رائد عبدالاله محمد العطروزي', '966504119263', '129', '3', '1159906765.pdf', 12, 0, NULL, NULL),
(830, '1156425538', 'ريان تركي هادي حدادي', '966554477256', '129', '3', '1156425538.pdf', 12, 0, NULL, NULL),
(831, '1155865684', 'زياد بجد بن حليوان المطيري', '966555205642', '129', '3', '1155865684.pdf', 12, 0, NULL, NULL),
(832, '1159263357', 'سعد بن بندر بن سعد البدنه', '966567773221', '129', '3', '1159263357.pdf', 12, 0, NULL, NULL),
(833, '1156921726', 'سعد سعيد سعد الزهراني', '966554245388', '129', '3', '1156921726.pdf', 12, 0, NULL, NULL),
(834, '1155273418', 'سعد عبدالله سعد القرني', '966545100006', '129', '3', '1155273418.pdf', 12, 0, NULL, NULL),
(835, '1155246208', 'سعود بن عبدالرحمن بن مسفر الخنفري', '966556110088', '129', '3', '1155246208.pdf', 12, 0, NULL, NULL),
(836, '1157548635', 'سعود عادل محمد آل خبيه', '966505376558', '129', '3', '1157548635.pdf', 12, 0, NULL, NULL),
(837, '1155631730', 'سعود محمد ثابت القحطاني', '966555231715', '129', '3', '1155631730.pdf', 12, 0, NULL, NULL),
(838, '2332367388', 'سلطان سعود - محمد امين', '966550088655', '129', '3', '2332367388.pdf', 12, 0, NULL, NULL),
(839, '1155550443', 'سلف عبدالله سلف العتيبي', '966504494419', '129', '3', '1155550443.pdf', 12, 0, NULL, NULL),
(840, '1156690115', 'سلمان سامى عبيد العتيبي', '966506241759', '129', '3', '1156690115.pdf', 12, 0, NULL, NULL),
(841, '1156873224', 'سلمان فهد مقبل النفيعي', '966555293150', '129', '3', '1156873224.pdf', 12, 0, NULL, NULL),
(842, '1163807587', 'صالح حسن بن سعد العجمي', '966500226122', '129', '3', '1163807587.pdf', 12, 0, NULL, NULL),
(843, '1157880673', 'عبدالاله عبدالرحمن بن عبدالعزيز المطيري', '966504742124', '129', '3', '1157880673.pdf', 12, 0, NULL, NULL),
(844, '1158778462', 'عبدالعزيز تركي عبدالعزيز السليمان', '966503447259', '129', '3', '1158778462.pdf', 12, 0, NULL, NULL),
(845, '1155018789', 'عبدالعزيز حمدان منصور الحارثي', '966533341285', '129', '3', '1155018789.pdf', 12, 0, NULL, NULL),
(846, '1154113243', 'عبدالعزيز عبدالله سعد ال عتيق', '966549349394', '129', '3', '1154113243.pdf', 12, 0, NULL, NULL),
(847, '1156862391', 'عبدالله محمد بن سيف العريفي', '966554481466', '129', '3', '1156862391.pdf', 12, 0, NULL, NULL),
(848, '1154243867', 'عصام عبدالله علي الشهري', '966506230525', '129', '3', '1154243867.pdf', 12, 0, NULL, NULL),
(849, '1157049063', 'عماد ايجاد يحي شريفي', '966563056242', '129', '3', '1157049063.pdf', 12, 0, NULL, NULL),
(850, '2315280871', 'عوض ابراهيم عوض محمد', '966544189990', '129', '3', '2315280871.pdf', 12, 0, NULL, NULL),
(851, '1152414742', 'فهد سعد بن محمد آل شريده', '966552285422', '129', '3', '1152414742.pdf', 12, 0, NULL, NULL),
(852, '1158198943', 'فهد عبدالله مسفر السبيعي', '966555355168', '129', '3', '1158198943.pdf', 12, 0, NULL, NULL),
(853, '1156134734', 'فهد عياد فهد العتيبي', '966555697367', '129', '3', '1156134734.pdf', 12, 0, NULL, NULL),
(854, '1152388656', 'فهد ناهض مبارك العنزي', '966500087379', '129', '3', '1152388656.pdf', 12, 0, NULL, NULL),
(855, '1155464397', 'محمد عبدالله شويمى العتيبى', '966555796610', '129', '3', '1155464397.pdf', 12, 0, NULL, NULL),
(856, '1155781311', 'محمد عبدالله محمد الصبياني', '966533309363', '129', '3', '1155781311.pdf', 12, 0, NULL, NULL),
(857, '1157324185', 'محمد مشعل محمد بن نامي', '966500882051', '129', '3', '1157324185.pdf', 12, 0, NULL, NULL),
(858, '1155913013', 'مساعد حمد مساعد الفواز', '966581081002', '129', '3', '1155913013.pdf', 12, 0, NULL, NULL),
(859, '1158632974', 'معاذ عبدالاله براهيم بن عمير', '966554218268', '129', '3', '1158632974.pdf', 12, 0, NULL, NULL),
(860, '1156140244', 'مهند بن حمد بن عبدالعزيز العبيدان', '966556255532', '129', '3', '1156140244.pdf', 12, 0, NULL, NULL),
(861, '1153208200', 'ناصر بن منصور بن دخيل المنصور', '966554203533', '129', '3', '1153208200.pdf', 12, 0, NULL, NULL),
(862, '1156788042', 'وليد عبدالله بن علي الشهري', '966580193999', '129', '3', '1156788042.pdf', 12, 0, NULL, NULL),
(863, '1156972349', 'ياسر ناصر ابن سعيد القحطاني', '966560613336', '129', '3', '1156972349.pdf', 12, 0, NULL, NULL),
(864, '1157363993', 'يزن زيد يحي الجديعي', '966557005188', '129', '3', '1157363993.pdf', 12, 0, NULL, NULL),
(865, '1154572323', 'أسامه عبدالله بن احمد الاحمرى', '966598555570', '130', '1', '1154572323.pdf', 12, 0, NULL, NULL),
(866, '1152871008', 'أوس بن انس بن عبدالرحمن بن عقيل', '966506886785', '130', '1', '1152871008.pdf', 12, 0, NULL, NULL),
(867, '1151290556', 'تركي ساير شالي المطيري', '966599090191', '130', '1', '1151290556.pdf', 12, 0, NULL, NULL),
(868, '1157335694', 'حاتم عبدالله سعد النتيفى', '966555119931', '130', '1', '1157335694.pdf', 12, 0, NULL, NULL),
(869, '1151166970', 'حمد عبدالرحمن حمد اليوسف', '966547666626', '130', '1', '1151166970.pdf', 12, 0, NULL, NULL),
(870, '1158833770', 'خالد فهد شباب العتيبي', '966540088688', '130', '1', '1158833770.pdf', 12, 0, NULL, NULL),
(871, '1159185287', 'رياض حمد بن عبدالله بن شنان', '966553996223', '130', '1', '1159185287.pdf', 12, 0, NULL, NULL),
(872, '2424576953', 'ريان عمر محمدنذير طويله', '966501753000', '130', '1', '2424576953.pdf', 12, 0, NULL, NULL),
(873, '1150848339', 'زياد عبدالرحمن بن عيد المطيري', '966553519001', '130', '1', '1150848339.pdf', 12, 0, NULL, NULL),
(874, '1150888707', 'سالم بن محمد بن سالم القرني', '966503746062', '130', '1', '1150888707.pdf', 12, 0, NULL, NULL),
(875, '1150901286', 'سعد بن عبدالله بن سعد الأحمري', '966500097779', '130', '1', '1150901286.pdf', 12, 0, NULL, NULL),
(876, '1150727863', 'سعد بن عبدالله بن محماس القحطاني', '966548230363', '130', '1', '1150727863.pdf', 12, 0, NULL, NULL),
(877, '1152057038', 'سعود سعد سعود العلي', '966551622228', '130', '1', '1152057038.pdf', 12, 0, NULL, NULL),
(878, '1150904942', 'سعود يوسف محمد الشمري', '966506607244', '130', '1', '1150904942.pdf', 12, 0, NULL, NULL),
(879, '1157822139', 'سلطان سليمان محمد الشهري', '966536305768', '130', '1', '1157822139.pdf', 12, 0, NULL, NULL),
(880, '1150707089', 'سلطان يحي علي الشهري', '966590959407', '130', '1', '1150707089.pdf', 12, 0, NULL, NULL),
(881, '1151760608', 'سليمان بن تركي بن سليمان الذياب', '966554655460', '130', '1', '1151760608.pdf', 12, 0, NULL, NULL),
(882, '2368037475', 'عبد الرحمن عمر احمد الورد', '966551297143', '130', '1', '2368037475.pdf', 12, 0, NULL, NULL),
(883, '1150884714', 'عبدالله جميل مسفر الشيباني', '966554491115', '130', '1', '1150884714.pdf', 12, 0, NULL, NULL),
(884, '1149524827', 'عبدالله حمد عبدالله الغويري', '966550086820', '130', '1', '1149524827.pdf', 12, 0, NULL, NULL),
(885, '1151813993', 'عبدالله فواز عبدالله بن سعران', '966503447259', '130', '1', '1151813993.pdf', 12, 0, NULL, NULL),
(886, '1151234539', 'علي غازي علي الشمراني', '966558888648', '130', '1', '1151234539.pdf', 12, 0, NULL, NULL),
(887, '1155443052', 'عمار سعد ظافر الاحمري', '966553443318', '130', '1', '1155443052.pdf', 12, 0, NULL, NULL),
(888, '2289986727', 'عمر مبارك - احمد', '966508288391', '130', '1', '2289986727.pdf', 12, 0, NULL, NULL),
(889, '1151223920', 'فراس عبدالرحمن موسى آل جساس', '966562640062', '130', '1', '1151223920.pdf', 12, 0, NULL, NULL),
(890, '2374819734', 'محمد ايهاب عبدالهادي الحيحي', '966537226322', '130', '1', '2374819734.pdf', 12, 0, NULL, NULL),
(891, '2301230955', 'محمد خير احمد صهيب - الواكي', '966530366037', '130', '1', '2301230955.pdf', 12, 0, NULL, NULL),
(892, '1152408934', 'محمد عبدالله بن محمد العوض', '966505502002', '130', '1', '1152408934.pdf', 12, 0, NULL, NULL),
(893, '1152467260', 'محمد ناصر بن عبدالله الشهري', '966555423228', '130', '1', '1152467260.pdf', 12, 0, NULL, NULL),
(894, '1152718779', 'مشاري علي زايد عسيري', '966533414455', '130', '1', '1152718779.pdf', 12, 0, NULL, NULL),
(895, '1153335896', 'معاذ فهد زايد العتيبي', '966502666970', '130', '1', '1153335896.pdf', 12, 0, NULL, NULL),
(896, '1152114060', 'مقرن محمد ابن سعيد القحطاني', '966567889372', '130', '1', '1152114060.pdf', 12, 0, NULL, NULL),
(897, '1152369185', 'ناصر بن سعد بن عبدالله بن ناصر السبيت', '966565364567', '130', '1', '1152369185.pdf', 12, 0, NULL, NULL),
(898, '1152456008', 'نايف بدر سعيد العتيبي', '966561910005', '130', '1', '1152456008.pdf', 12, 0, NULL, NULL),
(899, '1148876749', 'نايف فايز سعيد ال ضعين', '966555449005', '130', '1', '1148876749.pdf', 12, 0, NULL, NULL),
(900, '1148570672', 'نايف فايز عبدالله الأحمري', '966506068616', '130', '1', '1148570672.pdf', 12, 0, NULL, NULL),
(901, '1150119194', 'يزيد عبدالله سالم الشهري', '966541261399', '130', '1', '1150119194.pdf', 12, 0, NULL, NULL),
(902, '1152987317', 'يزيد علي موسى المشي', '966554112660', '130', '1', '1152987317.pdf', 12, 0, NULL, NULL),
(903, '2300772700', 'ابراهيم كمال الدين طلحه محمد احمد', '966557052440', '131', '2', '2300772700.pdf', 12, 0, NULL, NULL),
(904, '1150190872', 'ابراهيم مبارك مشعان الحامد', '966505267096', '131', '2', '1150190872.pdf', 12, 0, NULL, NULL),
(905, '1152257570', 'ايمن علي احمد آل امخاتم', '966552160090', '131', '2', '1152257570.pdf', 12, 0, NULL, NULL),
(906, '1149040121', 'بندر علي حسن الربعي', '966550079821', '131', '2', '1149040121.pdf', 12, 0, NULL, NULL),
(907, '1163684630', 'تركي محمد صنهات الشيباني', '966550555955', '131', '2', '1163684630.pdf', 12, 0, NULL, NULL),
(908, '1160385512', 'تيم عبدالله سعيد الغامدي', '966555014482', '131', '2', '1160385512.pdf', 12, 0, NULL, NULL),
(909, '1149744060', 'ثامر علي بن الحسين عسيري', '966581101118', '131', '2', '1149744060.pdf', 12, 0, NULL, NULL),
(910, '1153241284', 'جاسر بن فهد بن محمد كعبي', '966557322092', '131', '2', '1153241284.pdf', 12, 0, NULL, NULL),
(911, '2355397015', 'حسن أسعد حسن الشوا', '966537374548', '131', '2', '2355397015.pdf', 12, 0, NULL, NULL),
(912, '1150458147', 'حمد محمد سلمان المطيري', '966555487959', '131', '2', '1150458147.pdf', 12, 0, NULL, NULL),
(913, '1153063688', 'خالد نصيب صالح الزهراني', '966556680996', '131', '2', '1153063688.pdf', 12, 0, NULL, NULL),
(914, '1155209982', 'راكان بن تركي بن احمد بن زارع ابكرعلي', '966537882906', '131', '2', '1155209982.pdf', 12, 0, NULL, NULL),
(915, '1153065360', 'ريان تركي محمد الصبياني', '966544414020', '131', '2', '1153065360.pdf', 12, 0, NULL, NULL),
(916, '1157672591', 'زياد بن سعود  بن مناحي الشمري', '966504264502', '131', '2', '1157672591.pdf', 12, 0, NULL, NULL),
(917, '2415590682', 'سعود حمد علي واصل', '966556515169', '131', '2', '2415590682.pdf', 12, 0, NULL, NULL),
(918, '1161243751', 'سعود عبدالله محمد السهلي', '966506413564', '131', '2', '1161243751.pdf', 12, 0, NULL, NULL),
(919, '1149538553', 'سعود مهدي سعيد العمري', '966563332289', '131', '2', '1149538553.pdf', 12, 0, NULL, NULL),
(920, '1154475915', 'سلطان طراد ابن سلطان العتيبى', '966557333769', '131', '2', '1154475915.pdf', 12, 0, NULL, NULL),
(921, '1150809182', 'ظافر سعيد ظافر الشهري', '966545655986', '131', '2', '1150809182.pdf', 12, 0, NULL, NULL),
(922, '1153768898', 'عبدالرحمن بن عياد بن مسفر العتيبي', '966544339511', '131', '2', '1153768898.pdf', 12, 0, NULL, NULL),
(923, '1147515538', 'عبدالرحمن حسام محمد الرفاعي', '966590709072', '131', '2', '1147515538.pdf', 12, 0, NULL, NULL),
(924, '1165895820', 'عبدالرحمن طلال بن سعود الهذيلي', '966555844744', '131', '2', '1165895820.pdf', 12, 0, NULL, NULL),
(925, '1153865405', 'عبدالله تركي فهد أبونيان', '966504499449', '131', '2', '1153865405.pdf', 12, 0, NULL, NULL),
(926, '1159749637', 'عثمان بن صالح بن محمد بن احمد الحسني الزهراني', '966557195483', '131', '2', '1159749637.pdf', 12, 0, NULL, NULL),
(927, '1154044612', 'علي بن محمد علي القرني', '966554469988', '131', '2', '1154044612.pdf', 12, 0, NULL, NULL),
(928, '1151211495', 'علي حسن محمد الزهيري', '966506254347', '131', '2', '1151211495.pdf', 12, 0, NULL, NULL),
(929, '1150293742', 'علي محمد حسين الشهري', '966559272932', '131', '2', '1150293742.pdf', 12, 0, NULL, NULL),
(930, '1150488110', 'علي محمد علي الزير', '966532669166', '131', '2', '1150488110.pdf', 12, 0, NULL, NULL),
(931, '1150694303', 'فارس سامي سراح الاسمري', '966581200022', '131', '2', '1150694303.pdf', 12, 0, NULL, NULL),
(932, '1150066049', 'فهد نايف بن فيصل بن لبده', '966566550077', '131', '2', '1150066049.pdf', 12, 0, NULL, NULL),
(933, '1153997935', 'فيصل عبدالله فيصل الزهراني', '966505787930', '131', '2', '1153997935.pdf', 12, 0, NULL, NULL),
(934, '1158154326', 'محمد بندر محمد القحطاني', '966598059669', '131', '2', '1158154326.pdf', 12, 0, NULL, NULL),
(935, '1162779738', 'مفلح ثامر بن مفلح الشهراني', '966590323231', '131', '2', '1162779738.pdf', 12, 0, NULL, NULL),
(936, '1153296106', 'نايف بن عبدالعزيز بن محمد بن عبدالله بن راجح العريفي', '966504147451', '131', '2', '1153296106.pdf', 12, 0, NULL, NULL),
(937, '2377829151', 'نواف بشير لطف الحداد', '966567393701', '131', '2', '2377829151.pdf', 12, 0, NULL, NULL),
(938, '1151036637', 'هشام سعيد بن شعلان القرني', '966555775865', '131', '2', '1151036637.pdf', 12, 0, NULL, NULL),
(939, '1151130083', 'يحي زيد يحي الجديعي', '966557005188', '131', '2', '1151130083.pdf', 12, 0, NULL, NULL),
(940, '1149683110', 'يوسف أسامه بن محمد المطوع', '966503896768', '131', '2', '1149683110.pdf', 12, 0, NULL, NULL),
(941, '2327580870', 'إبراهيم عبدالرحمن أبو بكر داود', '966507435451', '132', '3', '2327580870.pdf', 12, 0, NULL, NULL),
(942, '1146167927', 'أيوب هادي محمد حدادي', '966503405854', '132', '3', '1146167927.pdf', 12, 0, NULL, NULL),
(943, '1151873021', 'باسل بن عبدالله بن ناصر آل عبدالسلام', '966505600096', '132', '3', '1151873021.pdf', 12, 0, NULL, NULL),
(944, '1155008830', 'باسل خالد ابراهيم المريشد', '966555237738', '132', '3', '1155008830.pdf', 12, 0, NULL, NULL),
(945, '1148433293', 'بندر نايف بن فيحان البقمي', '966551212070', '132', '3', '1148433293.pdf', 12, 0, NULL, NULL),
(946, '1151483334', 'تركي بندر عائش العتيبي', '966503425288', '132', '3', '1151483334.pdf', 12, 0, NULL, NULL),
(947, '1147579500', 'حسام سعيد مساعد الزهراني', '966503737576', '132', '3', '1147579500.pdf', 12, 0, NULL, NULL),
(948, '1153742026', 'حسين خالد بن حسين ظافر', '966503366220', '132', '3', '1153742026.pdf', 12, 0, NULL, NULL),
(949, '1149753285', 'حمود بن محمد بن حمود الشهراني', '966501388884', '132', '3', '1149753285.pdf', 12, 0, NULL, NULL),
(950, '1150483780', 'خالد فيصل رشدان المطيري', '966555172233', '132', '3', '1150483780.pdf', 12, 0, NULL, NULL),
(951, '1152395701', 'خالد محمد خالد السبيعي', '966500008051', '132', '3', '1152395701.pdf', 12, 0, NULL, NULL),
(952, '1151569629', 'راكان سرحان خويتم الشيباني', '966555557794', '132', '3', '1151569629.pdf', 12, 0, NULL, NULL),
(953, '2299273926', 'رواد احمد اياد السقا', '966533909170', '132', '3', '2299273926.pdf', 12, 0, NULL, NULL),
(954, '1162985624', 'ريان بن ناصر بن محمد بن حمدان الدغيلبي العتيبي', '966556111820', '132', '3', '1162985624.pdf', 12, 0, NULL, NULL),
(955, '1149587048', 'ريان بندر علي الشهري', '966556588772', '132', '3', '1149587048.pdf', 12, 0, NULL, NULL),
(956, '1146014046', 'زياد ناصر فهد المرزوق', '966590898244', '132', '3', '1146014046.pdf', 12, 0, NULL, NULL),
(957, '1152192371', 'سعود عبدالرحمن حمد الغنام', '966555203050', '132', '3', '1152192371.pdf', 12, 0, NULL, NULL),
(958, '1148679168', 'طلال عائد عايض البقمي', '966581000988', '132', '3', '1148679168.pdf', 12, 0, NULL, NULL),
(959, '1158816965', 'عايض فهد عايض القحطاني', '966554487944', '132', '3', '1158816965.pdf', 12, 0, NULL, NULL),
(960, '1152504955', 'عبدالاله عبدالله بن ناصر الشهراني', '966550996036', '132', '3', '1152504955.pdf', 12, 0, NULL, NULL),
(961, '1152703524', 'عبدالرحمن ابراهيم صالح بن عبدالوهاب', '966504113123', '132', '3', '1152703524.pdf', 12, 0, NULL, NULL),
(962, '1149905802', 'عبدالعزيز مشاري محمد المالكي', '966504449007', '132', '3', '1149905802.pdf', 12, 0, NULL, NULL),
(963, '1153109887', 'عبدالله محمد ابن عبدالله القحطاني', '966551752505', '132', '3', '1153109887.pdf', 12, 0, NULL, NULL),
(964, '1147184764', 'عبدالملك مزهر عبدالرحمن الشهري', '966505424706', '132', '3', '1147184764.pdf', 12, 0, NULL, NULL),
(965, '1154050684', 'عبدالهادي عبدالله بن عبدالهادي القحطانى', '966557435477', '132', '3', '1154050684.pdf', 12, 0, NULL, NULL),
(966, '2293211575', 'عبدالوهاب احمد محمد راجح', '966505416341', '132', '3', '2293211575.pdf', 12, 0, NULL, NULL),
(967, '1150055455', 'علي ذيب علي القحطاني', '966532754717', '132', '3', '1150055455.pdf', 12, 0, NULL, NULL),
(968, '1148046921', 'عيسى رائد محسن المطيري', '966558124774', '132', '3', '1148046921.pdf', 12, 0, NULL, NULL),
(969, '1152106413', 'غتار مطلق غتار الرويس', '966503485954', '132', '3', '1152106413.pdf', 12, 0, NULL, NULL),
(970, '1159359031', 'فارس بن فيصل بن عبدالمحسن العتيبي', '966562637999', '132', '3', '1159359031.pdf', 12, 0, NULL, NULL),
(971, '1152255574', 'فهد بن سعد بن سلمان العواد', '966532232395', '132', '3', '1152255574.pdf', 12, 0, NULL, NULL),
(972, '1151780242', 'فهد ذعار بن حمود السبيعي', '966560010116', '132', '3', '1151780242.pdf', 12, 0, NULL, NULL),
(973, '1150340790', 'فيصل بندر رشيد الرشيد', '966505195271', '132', '3', '1150340790.pdf', 12, 0, NULL, NULL),
(974, '1153593189', 'محمد بن فيصل بن محمد الدوسري', '966546660908', '132', '3', '1153593189.pdf', 12, 0, NULL, NULL),
(975, '1151867072', 'مشاري عياد بن نزال العتيبي', '966533333738', '132', '3', '1151867072.pdf', 12, 0, NULL, NULL),
(976, '1147739864', 'نواف بن صالح بن محمد جعفري العنزي', '966554454949', '132', '3', '1147739864.pdf', 12, 0, NULL, NULL),
(977, '1146604051', 'هيثم عيسى يحي خرمي', '966506257534', '132', '3', '1146604051.pdf', 12, 0, NULL, NULL),
(978, '1151903943', 'يزن معيض سعد الهاجري', '966505550151', '132', '3', '1151903943.pdf', 12, 0, NULL, NULL),
(979, '1148355603', 'احمد يحي بن علي عواجي', '966595268617', '133', '1', '1148355603.pdf', 12, 0, NULL, NULL),
(980, '1147371734', 'البراء بن حسين بن علي القحطاني', '966533196971', '133', '1', '1147371734.pdf', 12, 0, NULL, NULL),
(981, '1146306889', 'الوليد بن عبدالرحمن بن عبدالله العتيبي', '966553666726', '133', '1', '1146306889.pdf', 12, 0, NULL, NULL),
(982, '1148480294', 'باسم سلمان عبدالرحمن الخليفي', '966560056093', '133', '1', '1148480294.pdf', 12, 0, NULL, NULL),
(983, '1149528406', 'تركي سليمان بن محمد السبيعي', '966500031314', '133', '1', '1149528406.pdf', 12, 0, NULL, NULL),
(984, '1148869470', 'حسن عبدالحكيم ابن حسن القحطاني', '966554498118', '133', '1', '1148869470.pdf', 12, 0, NULL, NULL),
(985, '1149394510', 'خالد بن علي بن هاشم القحطاني', '966562143002', '133', '1', '1149394510.pdf', 12, 0, NULL, NULL),
(986, '1144566450', 'خالد محمد براك السبيعي', '966555259302', '133', '1', '1144566450.pdf', 12, 0, NULL, NULL),
(987, '1145207229', 'دواس بن بندر بن حيدر القحطاني', '966555848212', '133', '1', '1145207229.pdf', 12, 0, NULL, NULL),
(988, '1142842184', 'راكان حماد بن مرزوق العتيبي', '966552722267', '133', '1', '1142842184.pdf', 12, 0, NULL, NULL),
(989, '1147493025', 'راكان فهد مقبل النفيعي', '966555293150', '133', '1', '1147493025.pdf', 12, 0, NULL, NULL),
(990, '1148028614', 'راكان ماجد بن سعيد الجابري', '966508167811', '133', '1', '1148028614.pdf', 12, 0, NULL, NULL),
(991, '1143951604', 'ريان بن سعد بن محمد الكريمي العمري', '966541344332', '133', '1', '1143951604.pdf', 12, 0, NULL, NULL),
(992, '1148243171', 'زايد تركي عواض المطيري', '966557467938', '133', '1', '1148243171.pdf', 12, 0, NULL, NULL),
(993, '1146208143', 'زياد دخيل الله بن يعن الله العامري', '966502354138', '133', '1', '1146208143.pdf', 12, 0, NULL, NULL),
(994, '1149539346', 'سعود سامي محمد المهباش', '966506070120', '133', '1', '1149539346.pdf', 12, 0, NULL, NULL),
(995, '1149950964', 'عبدالرحمن بن نابف بن عبدالرحمن المهيدي', '966553421889', '133', '1', '1149950964.pdf', 12, 0, NULL, NULL),
(996, '1148458159', 'عبدالعزيز خالد محمد بن كليب', '966555200401', '133', '1', '1148458159.pdf', 12, 0, NULL, NULL),
(997, '1153704117', 'عبدالعزيز عبدالمحسن عبدالعزيز السلطان', '966504137001', '133', '1', '1153704117.pdf', 12, 0, NULL, NULL),
(998, '1143364790', 'عبدالله بن ناصر بن عبد الله الدغيم', '966550333870', '133', '1', '1143364790.pdf', 12, 0, NULL, NULL),
(999, '1149530576', 'عبدالله حمد عبدالعزيز المفرج', '966555111790', '133', '1', '1149530576.pdf', 12, 0, NULL, NULL),
(1000, '1149403550', 'عبدالمحسن عبدالرحمن سليمان الحريبى', '966531286182', '133', '1', '1149403550.pdf', 12, 0, NULL, NULL),
(1001, '1148955600', 'عزام نايف غتار الرويس', '966505498435', '133', '1', '1148955600.pdf', 12, 0, NULL, NULL),
(1002, '1148867631', 'عمر ابراهيم سليمان الهويمل', '966505490484', '133', '1', '1148867631.pdf', 12, 0, NULL, NULL),
(1003, '1148686999', 'عناد ناصر مفرح البقمي', '966555231445', '133', '1', '1148686999.pdf', 12, 0, NULL, NULL),
(1004, '1145954523', 'فراس عبدالله عبدالرحمن الغيامه', '966559000841', '133', '1', '1145954523.pdf', 12, 0, NULL, NULL),
(1005, '1149012179', 'فلاح بن مهدي بن فلاح القحطاني', '966555797658', '133', '1', '1149012179.pdf', 12, 0, NULL, NULL),
(1006, '1148430679', 'فهد منصور عيظه آل جرفان', '966552614475', '133', '1', '1148430679.pdf', 12, 0, NULL, NULL),
(1007, '1148343229', 'فهد ناصر مبارك السهلي', '966506083808', '133', '1', '1148343229.pdf', 12, 0, NULL, NULL),
(1008, '1146859432', 'مازن عبدالله عواد العطوي', '966566855552', '133', '1', '1146859432.pdf', 12, 0, NULL, NULL),
(1009, '1145768758', 'محمد بن محسن بن سعد الشهري', '966505221205', '133', '1', '1145768758.pdf', 12, 0, NULL, NULL),
(1010, '006904366', 'محمد جلال وجيه عابده', '966530418393', '133', '1', '006904366.pdf', 12, 0, NULL, NULL),
(1011, '1154796351', 'محمد جمل ابن محمد القحطاني', '966556000687', '133', '1', '1154796351.pdf', 12, 0, NULL, NULL),
(1012, '1148103581', 'محمد خالد بن محمد المهناء', '966555598338', '133', '1', '1148103581.pdf', 12, 0, NULL, NULL),
(1013, '1148236829', 'محمد عبدالله عبدالرحمن آل حسن', '966505588333', '133', '1', '1148236829.pdf', 12, 0, NULL, NULL),
(1014, '1146971336', 'محمد عليان محمد العليان', '966558804047', '133', '1', '1146971336.pdf', 12, 0, NULL, NULL),
(1015, '1150915211', 'محمد مطلق غتار الرويس', '966503485954', '133', '1', '1150915211.pdf', 12, 0, NULL, NULL),
(1016, '006930455', 'محمد يزن حسين العزالدين', '966536064603', '133', '1', '006930455.pdf', 12, 0, NULL, NULL),
(1017, '1142717584', 'مشاري سعيدان بن محمد الزهراني', '966567855511', '133', '1', '1142717584.pdf', 12, 0, NULL, NULL),
(1018, '1147885295', 'مشعل بن عبدالرحمن بن حمد الغنام', '966555203050', '133', '1', '1147885295.pdf', 12, 0, NULL, NULL),
(1019, '1147887697', 'مشعل سلمان عبدالله العمري', '966559682013', '133', '1', '1147887697.pdf', 12, 0, NULL, NULL);
INSERT INTO `students` (`id`, `student_id`, `name`, `phone`, `class_id`, `class_num`, `certificate`, `school_id`, `sent_status`, `created_at`, `updated_at`) VALUES
(1020, '1147773665', 'مشعل ظافر محمد الشهراني', '966553209849', '133', '1', '1147773665.pdf', 12, 0, NULL, NULL),
(1021, '1141196319', 'نادر هليل بن نجر العتيبي', '966535456563', '133', '1', '1141196319.pdf', 12, 0, NULL, NULL),
(1022, '1143606208', 'نايف تركي حسين السليطين', '966552211153', '133', '1', '1143606208.pdf', 12, 0, NULL, NULL),
(1023, '1149415844', 'نايف عادل ابراهيم الشايب', '966542357362', '133', '1', '1149415844.pdf', 12, 0, NULL, NULL),
(1024, '1145801856', 'نواف بن محمد بن علي بكور', '966558995068', '133', '1', '1145801856.pdf', 12, 0, NULL, NULL),
(1025, '1148539651', 'نواف عبدالله احمد الشهري', '966546006112', '133', '1', '1148539651.pdf', 12, 0, NULL, NULL),
(1026, '1150173290', 'وليد عبدالله محمد آل خبيه', '966555088266', '133', '1', '1150173290.pdf', 12, 0, NULL, NULL),
(1027, '1149154633', 'وليد مبارك بن هديان آل هديان', '966555878423', '133', '1', '1149154633.pdf', 12, 0, NULL, NULL),
(1028, '1149305359', 'ياسر مصعب بن سعد القحطانى', '966558099888', '133', '1', '1149305359.pdf', 12, 0, NULL, NULL),
(1029, '2278675133', 'أحمد ابراهيم حمدى ابراهيم', '966549844455', '134', '2', '2278675133.pdf', 12, 0, NULL, NULL),
(1030, '1170233942', 'احمد بن فارس بن مرزوق المحمد', '966534872617', '134', '2', '1170233942.pdf', 12, 0, NULL, NULL),
(1031, '1146491988', 'احمد بن محمد بن احمد عقيلي', '966569750554', '134', '2', '1146491988.pdf', 12, 0, NULL, NULL),
(1032, '1147198202', 'أسامه محمد احمد عسيري', '966540898911', '134', '2', '1147198202.pdf', 12, 0, NULL, NULL),
(1033, '2379768381', 'اصيل طه نعمان طه', '966551334492', '134', '2', '2379768381.pdf', 12, 0, NULL, NULL),
(1034, '2283787071', 'الوليد رشاد كامل السقا', '966505999165', '134', '2', '2283787071.pdf', 12, 0, NULL, NULL),
(1035, '1149641654', 'انس ظافر بن عبدالله الشهري', '966507754117', '134', '2', '1149641654.pdf', 12, 0, NULL, NULL),
(1036, '1147633018', 'ثنيان ماجد سعود العتيبي', '966500900904', '134', '2', '1147633018.pdf', 12, 0, NULL, NULL),
(1037, '1147178972', 'جواد موسى محمد غزواني', '966563872771', '134', '2', '1147178972.pdf', 12, 0, NULL, NULL),
(1038, '1148649906', 'حمود بن سعد بن حمود الشهراني', '966548451599', '134', '2', '1148649906.pdf', 12, 0, NULL, NULL),
(1039, '1147024929', 'خالد بن ناصر بن سعيد القحطاني', '966560613336', '134', '2', '1147024929.pdf', 12, 0, NULL, NULL),
(1040, '1158137909', 'خالد سامي درويش العمري', '966530037410', '134', '2', '1158137909.pdf', 12, 0, NULL, NULL),
(1041, '1147323008', 'خالد فهد محمد الزنان', '966554920382', '134', '2', '1147323008.pdf', 12, 0, NULL, NULL),
(1042, '1150532396', 'ريان ناصر بن عبدالرحمن البواردي', '966540033890', '134', '2', '1150532396.pdf', 12, 0, NULL, NULL),
(1043, '1147428534', 'زايد بن سلطان بن فيصل بن لبده', '966565885888', '134', '2', '1147428534.pdf', 12, 0, NULL, NULL),
(1044, '1147340176', 'زياد بن مبارك بن محمد الحسيني الزهراني', '966555227801', '134', '2', '1147340176.pdf', 12, 0, NULL, NULL),
(1045, '1149173120', 'زياد علي درويش الشهري', '966553553165', '134', '2', '1149173120.pdf', 12, 0, NULL, NULL),
(1046, '1137626352', 'زيد عبدالله سعيد الشهراني', '966556024443', '134', '2', '1137626352.pdf', 12, 0, NULL, NULL),
(1047, '1145217095', 'سعد بن معيض بن سعد الهاجري', '966555409144', '134', '2', '1145217095.pdf', 12, 0, NULL, NULL),
(1048, '1149795146', 'سعيد عبدالله مبارك الشهراني', '966506953621', '134', '2', '1149795146.pdf', 12, 0, NULL, NULL),
(1049, '1149043794', 'سليمان محمد سليمان الدوخي', '966500005584', '134', '2', '1149043794.pdf', 12, 0, NULL, NULL),
(1050, '1147565475', 'ضاحي حسن ضاحي الدوسري', '966566163066', '134', '2', '1147565475.pdf', 12, 0, NULL, NULL),
(1051, '1147408791', 'طارق بدر مشبب الاحمري', '966558885859', '134', '2', '1147408791.pdf', 12, 0, NULL, NULL),
(1052, '1147417156', 'طلال نواف عبدالله الدحيم', '966554225589', '134', '2', '1147417156.pdf', 12, 0, NULL, NULL),
(1053, '1145169247', 'عبد الله بن عدنان بن عبد الله الغامدي', '966562787706', '134', '2', '1145169247.pdf', 12, 0, NULL, NULL),
(1054, '1149280743', 'عبدالرحمن بن فيصل بن عبدالرحمن العريفي', '966554422647', '134', '2', '1149280743.pdf', 12, 0, NULL, NULL),
(1055, '1147323016', 'عبدالعزيز فهد محمد الزنان', '966554920382', '134', '2', '1147323016.pdf', 12, 0, NULL, NULL),
(1056, '1141660785', 'عبدالله بن علي بن عبدالله العجلان', '966503172737', '134', '2', '1141660785.pdf', 12, 0, NULL, NULL),
(1057, '1147211435', 'عبدالله عبدالعزيز محمد الحربي', '966555554306', '134', '2', '1147211435.pdf', 12, 0, NULL, NULL),
(1058, '1147731937', 'عبدالمجيد محمد غازي المطيري', '966554477128', '134', '2', '1147731937.pdf', 12, 0, NULL, NULL),
(1059, '1154386971', 'عمر بن تركي بن نجر المطيري', '966555897798', '134', '2', '1154386971.pdf', 12, 0, NULL, NULL),
(1060, '1147375768', 'فارس بدر كديميس العتيبي', '966554413340', '134', '2', '1147375768.pdf', 12, 0, NULL, NULL),
(1061, '1146909278', 'فارس سامي بن عبداللطيف سعد', '966590599659', '134', '2', '1146909278.pdf', 12, 0, NULL, NULL),
(1062, '1163075243', 'فارس سعد عبدالرحمن العبدالسلام', '966503112170', '134', '2', '1163075243.pdf', 12, 0, NULL, NULL),
(1063, '1147945024', 'فهد بن طلال بن فهد الاسلم الشمري', '966530666862', '134', '2', '1147945024.pdf', 12, 0, NULL, NULL),
(1064, '1145675862', 'فيصل بن خالد بن علي شبير', '966541995992', '134', '2', '1145675862.pdf', 12, 0, NULL, NULL),
(1065, '1146142300', 'فيصل هليل بن نجر العتيبي', '966535456563', '134', '2', '1146142300.pdf', 12, 0, NULL, NULL),
(1066, '1147186231', 'مازن بن سعد بن محمد الحارثي', '966592200285', '134', '2', '1147186231.pdf', 12, 0, NULL, NULL),
(1067, '2377829144', 'محمد بشير لطف الحداد', '966567393701', '134', '2', '2377829144.pdf', 12, 0, NULL, NULL),
(1068, '1147364374', 'محمد بن سلطان بن مناجي بن ناجي الميزاني المطيرى', '966555324567', '134', '2', '1147364374.pdf', 12, 0, NULL, NULL),
(1069, '1147924862', 'محمد بن مناحي بن محمد القحطاني', '966555713320', '134', '2', '1147924862.pdf', 12, 0, NULL, NULL),
(1070, '1147045767', 'محمد خالد عبدالرحمن السبيعي', '966581155889', '134', '2', '1147045767.pdf', 12, 0, NULL, NULL),
(1071, '1143701504', 'محمد صالح علي العسيري', '966536331151', '134', '2', '1143701504.pdf', 12, 0, NULL, NULL),
(1072, '1161243629', 'محمد عبدالله محمد السهلي', '966553472026', '134', '2', '1161243629.pdf', 12, 0, NULL, NULL),
(1073, '1145665509', 'معاذ بن حسين بن ابراهيم سليماني', '966505231370', '134', '2', '1145665509.pdf', 12, 0, NULL, NULL),
(1074, '1147762882', 'معاذ طارق علي المالكي', '966566086110', '134', '2', '1147762882.pdf', 12, 0, NULL, NULL),
(1075, '1147442733', 'يزن فيصل احمد الشهري', '966554423362', '134', '2', '1147442733.pdf', 12, 0, NULL, NULL),
(1076, '1146804040', 'يزيد يحي ناصر الشريف', '966556108805', '134', '2', '1146804040.pdf', 12, 0, NULL, NULL),
(1077, '1145894877', 'يوسف محمد بن ابراهيم اللهيب', '966555981133', '134', '2', '1145894877.pdf', 12, 0, NULL, NULL),
(1079, '1168068037', 'ابراهيم احمد سمير المحبوب', '966566612775', '120', '3', '1168068037.pdf', 12, 0, NULL, NULL),
(1080, '1170916314', 'أنس عبدالرحمن علي الغامدي', '966500352728', '120', '3', '1170916314.pdf', 12, 0, NULL, NULL),
(1081, '1168878914', 'انس عبدالله سعد القرني', '966545100006', '120', '3', '1168878914.pdf', 12, 0, NULL, NULL),
(1082, '1166958098', 'أنس علي احمد آل امخاتم', '966552160090', '120', '3', '1166958098.pdf', 12, 0, NULL, NULL),
(1083, '1171337320', 'بسام سعد عبدالله العمري', '966530003790', '120', '3', '1171337320.pdf', 12, 0, NULL, NULL),
(1084, '1172348789', 'تركي عبدالرحمن موسى آل جساس', '966562640062', '120', '3', '1172348789.pdf', 12, 0, NULL, NULL),
(1085, '1170176380', 'تميم مشعل بن سعيد المالكي', '966555584877', '120', '3', '1170176380.pdf', 12, 0, NULL, NULL),
(1086, '1171529132', 'حسام احمد حامد العتيبي', '966552920086', '120', '3', '1171529132.pdf', 12, 0, NULL, NULL),
(1087, '1167176450', 'حمزه حامد سالم المالكي', '966559505935', '120', '3', '1167176450.pdf', 12, 0, NULL, NULL),
(1088, '1168022000', 'راشد بن فهد بن زايد الحنتوشي العتيبي', '966502666970', '120', '3', '1168022000.pdf', 12, 0, NULL, NULL),
(1089, '1171108895', 'راشد خالد بن احمد المرضي', '966504465644', '120', '3', '1171108895.pdf', 12, 0, NULL, NULL),
(1090, '1166322006', 'راكان عبدالله عبدان السعدي', '966508889916', '120', '3', '1166322006.pdf', 12, 0, NULL, NULL),
(1091, '1169717178', 'رعد عبدالسلام حسين الوادعي', '966500358509', '120', '3', '1169717178.pdf', 12, 0, NULL, NULL),
(1092, '1172132563', 'زايد خالد علي القحطاني', '966555989750', '120', '3', '1172132563.pdf', 12, 0, NULL, NULL),
(1093, '1170964538', 'زياد سالم خالد العبيدي', '966506138013', '120', '3', '1170964538.pdf', 12, 0, NULL, NULL),
(1094, '1173225408', 'سالم محمد سالم القفيل', '966555484415', '120', '3', '1173225408.pdf', 12, 0, NULL, NULL),
(1095, '1172384131', 'سعد عبدالله غانم الغانم', '966568299981', '120', '3', '1172384131.pdf', 12, 0, NULL, NULL),
(1096, '1173614734', 'سلطان زيد ناصر السلطان', '966597477769', '120', '3', '1173614734.pdf', 12, 0, NULL, NULL),
(1097, '1169966411', 'عايض محمد عايض الهاجري', '966558987352', '120', '3', '1169966411.pdf', 12, 0, NULL, NULL),
(1098, '1169076468', 'عبدالرحمن حامد سعيد الوادعي', '966551037370', '120', '3', '1169076468.pdf', 12, 0, NULL, NULL),
(1099, '1167861903', 'عبدالرحمن عمر عبدالرحمن الدعيلج', '966541577544', '120', '3', '1167861903.pdf', 12, 0, NULL, NULL),
(1100, '1175218039', 'عبدالعزيز بدر بن خالد الشيباني', '966566669536', '120', '3', '1175218039.pdf', 12, 0, NULL, NULL),
(1101, '1170256372', 'عبدالعزيز سعود محمد العتيبي', '966561533401', '120', '3', '1170256372.pdf', 12, 0, NULL, NULL),
(1102, '1168398517', 'عبدالله حسن بن فهيد العتيبي', '966556333321', '120', '3', '1168398517.pdf', 12, 0, NULL, NULL),
(1103, '1170916231', 'عبدالله عبدالرحمن علي الغامدي', '966500352728', '120', '3', '1170916231.pdf', 12, 0, NULL, NULL),
(1104, '1167718855', 'عبدالله محمد سعود بن حميد', '966553336446', '120', '3', '1167718855.pdf', 12, 0, NULL, NULL),
(1105, '1168179115', 'عبدالله محمد عبدالله الغامدي', '966558511911', '120', '3', '1168179115.pdf', 12, 0, NULL, NULL),
(1106, '1171224122', 'علي سعود علي ال موسى', '966500033391', '120', '3', '1171224122.pdf', 12, 0, NULL, NULL),
(1107, '1170688996', 'علي ماجد علي مجرشي', '966553329126', '120', '3', '1170688996.pdf', 12, 0, NULL, NULL),
(1108, '1167600947', 'فهد عبدالرحمن فهد القاسم', '966569597220', '120', '3', '1167600947.pdf', 12, 0, NULL, NULL),
(1109, '1171037714', 'فهد عبدالله عبدان السعدي', '966508889916', '120', '3', '1171037714.pdf', 12, 0, NULL, NULL),
(1110, '1170135881', 'فيصل عبدالرحمن عبدالعزيز القناص', '966504141221', '120', '3', '1170135881.pdf', 12, 0, NULL, NULL),
(1111, '1168818472', 'قصي فيصل احمد الشهري', '966554423362', '120', '3', '1168818472.pdf', 12, 0, NULL, NULL),
(1112, '1171114323', 'محمد خالد فهران الشمري', '966591119331', '120', '3', '1171114323.pdf', 12, 0, NULL, NULL),
(1113, '1170992687', 'محمد سعود ابن محمد الشهراني', '966555112224', '120', '3', '1170992687.pdf', 12, 0, NULL, NULL),
(1114, '1170247579', 'محمد عبدالعزيز محمد آل خزيم', '966598040009', '120', '3', '1170247579.pdf', 12, 0, NULL, NULL),
(1115, '1169384102', 'مشعل انور جمعان عبلان', '966559111113', '120', '3', '1169384102.pdf', 12, 0, NULL, NULL),
(1116, '1165419894', 'مشعل خالد حامد العصيمي', '966563113366', '120', '3', '1165419894.pdf', 12, 0, NULL, NULL),
(1117, '1169650080', 'وليد غازي بن سعيد الاحمري', '966561164817', '120', '3', '1169650080.pdf', 12, 0, NULL, NULL),
(1118, '1163279415', 'بدر محمد سعد بن سفيران', '966541099920', '123', '3', '1163279415.pdf', 12, 0, NULL, NULL),
(1119, '1166972297', 'جابر يحيى جابر الجيزاني', '966507779747', '123', '3', '1166972297.pdf', 12, 0, NULL, NULL),
(1120, '1166314698', 'حمد محمد حمد الشهري', '966555558178', '123', '3', '1166314698.pdf', 12, 0, NULL, NULL),
(1121, '1157188366', 'خالد سامي سندان المطيري', '966555493740', '123', '3', '1157188366.pdf', 12, 0, NULL, NULL),
(1122, '1166923886', 'ريان خالد علي الوهيبي', '966554207044', '123', '3', '1166923886.pdf', 12, 0, NULL, NULL),
(1123, '1165974534', 'سالم بن عبدالرحمن بن سالم الشرمي الهاجري', '966559191008', '123', '3', '1165974534.pdf', 12, 0, NULL, NULL),
(1124, '1166451268', 'صقر عبدالله محمد الشهري', '966509105377', '123', '3', '1166451268.pdf', 12, 0, NULL, NULL),
(1125, '1167417813', 'عامر تركي عواض المطيري', '966557467938', '123', '3', '1167417813.pdf', 12, 0, NULL, NULL),
(1126, '1172306084', 'عبدالرحمن حمود عبدالله الهاجري', '966533645341', '123', '3', '1172306084.pdf', 12, 0, NULL, NULL),
(1127, '1167459229', 'عبدالرحمن فهد بن معيض الاسعدي', '966595844446', '123', '3', '1167459229.pdf', 12, 0, NULL, NULL),
(1128, '1166316081', 'عبدالعزيز ذيب بن ناصر القحطاني', '966555581460', '123', '3', '1166316081.pdf', 12, 0, NULL, NULL),
(1129, '1166716082', 'عبدالعزيز عبدالرحمن بن محمد الشهري', '966557176160', '123', '3', '1166716082.pdf', 12, 0, NULL, NULL),
(1130, '1167566130', 'عبدالعزيز عبدالله محمد الشهري', '966505762411', '123', '3', '1167566130.pdf', 12, 0, NULL, NULL),
(1131, '1163531740', 'عبدالعزيز محمد عايض البقمي', '966559480053', '123', '3', '1163531740.pdf', 12, 0, NULL, NULL),
(1132, '1163339102', 'عبداللطيف ناصر سليمان بن بلال', '966590599659', '123', '3', '1163339102.pdf', 12, 0, NULL, NULL),
(1133, '1165808054', 'عبدالله امين حسن الفيفي', '966555181122', '123', '3', '1165808054.pdf', 12, 0, NULL, NULL),
(1134, '1163843178', 'عبدالله ظافر ناصر الشهراني', '966558335553', '123', '3', '1163843178.pdf', 12, 0, NULL, NULL),
(1135, '1155031303', 'عبدالله عبدالعزيز شرقي الشهري', '966508509458', '123', '3', '1155031303.pdf', 12, 0, NULL, NULL),
(1136, '1162501702', 'عبدالملك عبدالرحمن سليمان الحريبى', '966531286182', '123', '3', '1162501702.pdf', 12, 0, NULL, NULL),
(1137, '1166297240', 'عزام محمد سليمان الدوخي', '966555028787', '123', '3', '1166297240.pdf', 12, 0, NULL, NULL),
(1138, '1165583947', 'عمار محمد احمد عسيري', '966540898911', '123', '3', '1165583947.pdf', 12, 0, NULL, NULL),
(1139, '1164977157', 'فهد ابن حمدان بن منصور ال عون الحارثي', '966554290995', '123', '3', '1164977157.pdf', 12, 0, NULL, NULL),
(1140, '1159331840', 'فهد صالح علي العسيري', '966536331151', '123', '3', '1159331840.pdf', 12, 0, NULL, NULL),
(1141, '1165552603', 'فيصل نايف بن فيصل بن لبده', '966566550077', '123', '3', '1165552603.pdf', 12, 0, NULL, NULL),
(1142, '1166431591', 'محمد عبدالعزيز عوض الأحمري', '966548839988', '123', '3', '1166431591.pdf', 12, 0, NULL, NULL),
(1143, '1164650291', 'محمد فهد محمد كعبي', '966557322092', '123', '3', '1164650291.pdf', 12, 0, NULL, NULL),
(1144, '1165735802', 'محمد نايف عبدالرحمن المهيدي', '966553421889', '123', '3', '1165735802.pdf', 12, 0, NULL, NULL),
(1145, '1164910554', 'مزيد بندر خالد الشيباني', '966533633623', '123', '3', '1164910554.pdf', 12, 0, NULL, NULL),
(1146, '1168045670', 'معاذ ظافر بن محمد الشهري', '966507494002', '123', '3', '1168045670.pdf', 12, 0, NULL, NULL),
(1147, '1165992460', 'نادر خالد علي القحطاني', '966555897950', '123', '3', '1165992460.pdf', 12, 0, NULL, NULL),
(1148, '1167244498', 'ناصر نواف عبدالله الصائغ', '966505260327', '123', '3', '1167244498.pdf', 12, 0, NULL, NULL),
(1149, '1166467561', 'نايف مبارك عبيد آل شريده', '966506461681', '123', '3', '1166467561.pdf', 12, 0, NULL, NULL),
(1150, '1164394593', 'نواف ناصر مبارك السهلي', '966506083808', '123', '3', '1164394593.pdf', 12, 0, NULL, NULL),
(1151, '1167756806', 'هشام عبدالله علي المالكي', '966535347439', '123', '3', '1167756806.pdf', 12, 0, NULL, NULL),
(1152, '1166462430', 'وليد عبدالله مسفر السبيعي', '966555355168', '123', '3', '1166462430.pdf', 12, 0, NULL, NULL),
(1153, '1164973362', 'ياسين يوسف عبدالرحمن القعيضب', '966554094331', '123', '3', '1164973362.pdf', 12, 0, NULL, NULL),
(1154, '1165600188', 'يزن سامي سراح الاسمري', '966581001155', '123', '3', '1165600188.pdf', 12, 0, NULL, NULL),
(1155, '1174413136', 'يوسف شلال سعيد العنزي', '966552064470', '123', '3', '1174413136.pdf', 12, 0, NULL, NULL),
(1156, '1159180924', 'احمد سعد بن ناجي المطيري', '966504238648', '124', '1', '1159180924.pdf', 12, 0, NULL, NULL),
(1157, '1167788015', 'اسامه منصور بركى المطيري', '966550677980', '124', '1', '1167788015.pdf', 12, 0, NULL, NULL),
(1158, '1158800662', 'الوليد محمد عامر الشهري', '966545919054', '124', '1', '1158800662.pdf', 12, 0, NULL, NULL),
(1159, '1160217251', 'أنس سعيد بن شعلان القرني', '966555775865', '124', '1', '1160217251.pdf', 12, 0, NULL, NULL),
(1160, '1165510171', 'باسل سعد محمد السبيعي', '966502288018', '124', '1', '1165510171.pdf', 12, 0, NULL, NULL),
(1161, '1157276898', 'باسل عائض سالم الغامدي', '966506292374', '124', '1', '1157276898.pdf', 12, 0, NULL, NULL),
(1162, '1162337701', 'تركي محمد عبده الشهري', '966543999181', '124', '1', '1162337701.pdf', 12, 0, NULL, NULL),
(1163, '1151744115', 'جبريل ابوبكر محمد مخاوي', '966555200309', '124', '1', '1151744115.pdf', 12, 0, NULL, NULL),
(1164, '1157509322', 'حمد محمد عبدالله آل عامر', '966501918569', '124', '1', '1157509322.pdf', 12, 0, NULL, NULL),
(1165, '1161694144', 'راكان بن عبدالرحمن بن مشرف بن عبدالحمن ال زيدان الشهري', '966555107104', '124', '1', '1161694144.pdf', 12, 0, NULL, NULL),
(1166, '1162952483', 'ريان محمد عبدالله الشهري', '966555233937', '124', '1', '1162952483.pdf', 12, 0, NULL, NULL),
(1167, '1158990281', 'زياد ماجد قليل الشهري', '966557887375', '124', '1', '1158990281.pdf', 12, 0, NULL, NULL),
(1168, '1167794021', 'سعد عبدالرحمن سعد الضفيان', '966505260270', '124', '1', '1167794021.pdf', 12, 0, NULL, NULL),
(1169, '1162289597', 'سعد عبدالله سعد الدوسري', '966555115897', '124', '1', '1162289597.pdf', 12, 0, NULL, NULL),
(1170, '1161917776', 'سعود حمد بن سعود العجمي', '966538080892', '124', '1', '1161917776.pdf', 12, 0, NULL, NULL),
(1171, '1161030083', 'سعود لافي عبدالرحمن المطيري', '966538834222', '124', '1', '1161030083.pdf', 12, 0, NULL, NULL),
(1172, '1162247819', 'سعود منصور بن سعود بن حاضر', '966566669198', '124', '1', '1162247819.pdf', 12, 0, NULL, NULL),
(1173, '1160830152', 'سلطان عبدالمحسن عبدالعزيز السلطان', '966504137001', '124', '1', '1160830152.pdf', 12, 0, NULL, NULL),
(1174, '1163155144', 'سلطان علي هاشم القحطاني', '966562143002', '124', '1', '1163155144.pdf', 12, 0, NULL, NULL),
(1175, '1160729149', 'سلمان مبارك مشعان بن سالم الحامد', '966505267096', '124', '1', '1160729149.pdf', 12, 0, NULL, NULL),
(1176, '1167474343', 'طلال منصور حسن الحربي', '966590704096', '124', '1', '1167474343.pdf', 12, 0, NULL, NULL),
(1177, '1158172260', 'عائض سعد عائض الغامدي', '966557788120', '124', '1', '1158172260.pdf', 12, 0, NULL, NULL),
(1178, '1161091424', 'عبدالرحمن محمد بن عبدالرحمن النعمان', '966532832933', '124', '1', '1161091424.pdf', 12, 0, NULL, NULL),
(1179, '1162876674', 'عبدالعزيز سلطان عبدالعزيز المطرود', '966506030651', '124', '1', '1162876674.pdf', 12, 0, NULL, NULL),
(1180, '1159947959', 'عبدالعزيز علي احمد الشهري', '966541361540', '124', '1', '1159947959.pdf', 12, 0, NULL, NULL),
(1181, '1149888701', 'عبدالعزيز فهد بن معيض الاسعدي', '966595844446', '124', '1', '1149888701.pdf', 12, 0, NULL, NULL),
(1182, '1158317014', 'عبدالمجيد غرم الله عبدالرحيم الغامدي', '966504144757', '124', '1', '1158317014.pdf', 12, 0, NULL, NULL),
(1183, '1164407379', 'عزام سالم مفرح الخالدي', '966535927422', '124', '1', '1164407379.pdf', 12, 0, NULL, NULL),
(1184, '1162202053', 'علي سامي علي ال جحني', '966533301942', '124', '1', '1162202053.pdf', 12, 0, NULL, NULL),
(1185, '1155735127', 'عمر محمد ابن عبدالعزيز الشهراني', '966559912112', '124', '1', '1155735127.pdf', 12, 0, NULL, NULL),
(1186, '1161457286', 'غيث عبدالله عائد الحربي', '966599882327', '124', '1', '1161457286.pdf', 12, 0, NULL, NULL),
(1187, '1161093248', 'فهد عبدالله علي الشهري', '966503218331', '124', '1', '1161093248.pdf', 12, 0, NULL, NULL),
(1188, '1163030230', 'فيصل هادي محمد حدادي', '966503405854', '124', '1', '1163030230.pdf', 12, 0, NULL, NULL),
(1189, '1158893386', 'قصي سلمان عبدالله الدوسري', '966505408351', '124', '1', '1158893386.pdf', 12, 0, NULL, NULL),
(1190, '1160924450', 'ماهر حمد محمد الربعي', '966506254834', '124', '1', '1160924450.pdf', 12, 0, NULL, NULL),
(1191, '1163917964', 'محمد خالد محمد القحطاني', '966555228328', '124', '1', '1163917964.pdf', 12, 0, NULL, NULL),
(1192, '1161277247', 'محمد سلطان صالح التميمي', '966506467550', '124', '1', '1161277247.pdf', 12, 0, NULL, NULL),
(1193, '1161521131', 'مشاري سعد وازع القحطاني', '966558818559', '124', '1', '1161521131.pdf', 12, 0, NULL, NULL),
(1194, '1161652654', 'منصور يزيد حمدي العتيبي', '966599585555', '124', '1', '1161652654.pdf', 12, 0, NULL, NULL),
(1195, '1161316714', 'نواف سعود محمد المعاوي', '966558888230', '124', '1', '1161316714.pdf', 12, 0, NULL, NULL),
(1196, '1159833043', 'ياسر بدر كديميس العتيبي', '966554413340', '124', '1', '1159833043.pdf', 12, 0, NULL, NULL),
(1197, '2330428414', 'ياسين ابراهيم حمدى ابراهيم', '966549844455', '124', '1', '2330428414.pdf', 12, 0, NULL, NULL),
(1198, '1162117616', 'يوسف طلال يحيى ال خيرات', '966542595995', '124', '1', '1162117616.pdf', 12, 0, NULL, NULL),
(1199, '1158597094', 'أسامه احمد ابن صابر الطويرقي', '966557995004', '125', '2', '1158597094.pdf', 12, 0, NULL, NULL),
(1200, '1159581121', 'تركي ماجد عبدالله الدويهيس', '966532344434', '125', '2', '1159581121.pdf', 12, 0, NULL, NULL),
(1201, '1158765725', 'خالد فيصل فهد الرشيد', '966557766401', '125', '2', '1158765725.pdf', 12, 0, NULL, NULL),
(1202, '1159881885', 'راكان ظافر عايض القحطاني', '966530800702', '125', '2', '1159881885.pdf', 12, 0, NULL, NULL),
(1203, '1160813653', 'زايد فهد سويلم العتيبي', '966557885202', '125', '2', '1160813653.pdf', 12, 0, NULL, NULL),
(1204, '1162514358', 'زهران عبدالله فيصل الزهراني', '966505787930', '125', '2', '1162514358.pdf', 12, 0, NULL, NULL),
(1205, '1163710351', 'سعد محمد سلطان المطيري', '966580001222', '125', '2', '1163710351.pdf', 12, 0, NULL, NULL),
(1206, '1156469718', 'سعود حمود بن محياء العتيبي', '966507846071', '125', '2', '1156469718.pdf', 12, 0, NULL, NULL),
(1207, '1162255440', 'سعود ناصر سعود السبيعي', '966554555401', '125', '2', '1162255440.pdf', 12, 0, NULL, NULL),
(1208, '2427389040', 'سليمان امين ابميش اباددولا', '966556260546', '125', '2', '2427389040.pdf', 12, 0, NULL, NULL),
(1209, '1162834939', 'سيف عبدالعزيز محمد العريفي', '966504147451', '125', '2', '1162834939.pdf', 12, 0, NULL, NULL),
(1210, '1160688584', 'عبدالاله فهد خليف الحربي', '966554229207', '125', '2', '1160688584.pdf', 12, 0, NULL, NULL),
(1211, '1158592822', 'عبدالرحمن خالد عبدالرحمن الشهري', '966508152158', '125', '2', '1158592822.pdf', 12, 0, NULL, NULL),
(1212, '1162853350', 'عبدالعزيز سيف ملهي القحطاني', '966505212961', '125', '2', '1162853350.pdf', 12, 0, NULL, NULL),
(1213, '1160290357', 'عبدالعزيز علي عبدالعزيز الرشيد', '966506277606', '125', '2', '1160290357.pdf', 12, 0, NULL, NULL),
(1214, '2335749715', 'عبدالله احمد صهيب خير الدين الواكي', '966530366037', '125', '2', '2335749715.pdf', 12, 0, NULL, NULL),
(1215, '1162132458', 'عبدالله فائز عبدالله الشهري', '966531818189', '125', '2', '1162132458.pdf', 12, 0, NULL, NULL),
(1216, '1160690408', 'علي ذيبان علي ال خالد', '966537139243', '125', '2', '1160690408.pdf', 12, 0, NULL, NULL),
(1217, '1159229150', 'علي فهد علي الغامدي', '966506283206', '125', '2', '1159229150.pdf', 12, 0, NULL, NULL),
(1218, '1167911880', 'عمر سعد صالح العتيبي', '966564492297', '125', '2', '1167911880.pdf', 12, 0, NULL, NULL),
(1219, '1162446791', 'فراج سعيد ظافر الشهري', '966545655987', '125', '2', '1162446791.pdf', 12, 0, NULL, NULL),
(1220, '1159140571', 'فهد مسفر فهد الخامسي', '966552288006', '125', '2', '1159140571.pdf', 12, 0, NULL, NULL),
(1221, '2415590690', 'فواز احمد علي واصل', '966556515169', '125', '2', '2415590690.pdf', 12, 0, NULL, NULL),
(1222, '1160313365', 'مانع عمر سعيد العتيبي', '966504167564', '125', '2', '1160313365.pdf', 12, 0, NULL, NULL),
(1223, '1159930724', 'محمد الطالب السالك بلال', '966544202020', '125', '2', '1159930724.pdf', 12, 0, NULL, NULL),
(1224, '1162582199', 'محمد علي محمد القرني', '966591814711', '125', '2', '1162582199.pdf', 12, 0, NULL, NULL),
(1225, '1159686961', 'محمد مبارك بن محمد الهاجري', '966548776622', '125', '2', '1159686961.pdf', 12, 0, NULL, NULL),
(1226, '1161998388', 'محمد موسى محمد حمدي', '966505660635', '125', '2', '1161998388.pdf', 12, 0, NULL, NULL),
(1227, '1162499006', 'مسعود موسى سعود العتيبي', '966569991769', '125', '2', '1162499006.pdf', 12, 0, NULL, NULL),
(1228, '1159355476', 'معيض محمد معيض الزهراني', '966503484189', '125', '2', '1159355476.pdf', 12, 0, NULL, NULL),
(1229, '1162282899', 'مقعد فهد مقعد القحطاني', '966555484886', '125', '2', '1162282899.pdf', 12, 0, NULL, NULL),
(1230, '1162640617', 'مهند فيصل علي الغصين', '966583331020', '125', '2', '1162640617.pdf', 12, 0, NULL, NULL),
(1231, '1159354057', 'موسى محمد علي جاري', '966531961868', '125', '2', '1159354057.pdf', 12, 0, NULL, NULL),
(1232, '1161892789', 'نايف حماد راشد الدوسرى', '966500341884', '125', '2', '1161892789.pdf', 12, 0, NULL, NULL),
(1233, '1158215028', 'نايف سامي بن عبداللطيف سعد', '966590599659', '125', '2', '1158215028.pdf', 12, 0, NULL, NULL),
(1234, '1162207425', 'نايف علي محمد القحطاني', '966554049496', '125', '2', '1162207425.pdf', 12, 0, NULL, NULL),
(1235, '1160074140', 'نايف فهد بن محمد الرقيب', '966566680876', '125', '2', '1160074140.pdf', 12, 0, NULL, NULL),
(1236, '1160744122', 'نبراس محمد عبدالرحمن الصفيان', '966505407221', '125', '2', '1160744122.pdf', 12, 0, NULL, NULL),
(1237, '1157826809', 'نواف سعيد غرمان العمري', '966555280867', '125', '2', '1157826809.pdf', 12, 0, NULL, NULL),
(1238, '1160977722', 'هشام حمدان علي العلياني', '966558535337', '125', '2', '1160977722.pdf', 12, 0, NULL, NULL),
(1239, '1162394181', 'وسام فالح شاهر المطيري', '966530642573', '125', '2', '1162394181.pdf', 12, 0, NULL, NULL),
(1240, '1160813562', 'يزيد فهد سويلم العتيبي', '966530100098', '125', '2', '1160813562.pdf', 12, 0, NULL, NULL),
(1241, '1161114010', 'ابراهيم فيصل بن فهد الذياب', '966554278996', '126', '3', '1161114010.pdf', 12, 0, NULL, NULL),
(1242, '2335379125', 'اسامه كمال الدين طلحه محمد احمد', '966557052440', '126', '3', '2335379125.pdf', 12, 0, NULL, NULL),
(1243, '1160416119', 'اياد سعد ضيف الله الاحمري', '966501598565', '126', '3', '1160416119.pdf', 12, 0, NULL, NULL),
(1244, '1165514025', 'باسل عبدالله مقعد العتيبي', '966554449327', '126', '3', '1165514025.pdf', 12, 0, NULL, NULL),
(1245, '1160085815', 'بتال يحي بن عبدالله القرني', '966503183699', '126', '3', '1160085815.pdf', 12, 0, NULL, NULL),
(1246, '1162137820', 'بسام محمد سالم العمري', '966568777098', '126', '3', '1162137820.pdf', 12, 0, NULL, NULL),
(1247, '1160223655', 'بندر بدر بندر المطيري', '966559610025', '126', '3', '1160223655.pdf', 12, 0, NULL, NULL),
(1248, '1160921928', 'حمد جمل ابن محمد القحطاني', '966556000687', '126', '3', '1160921928.pdf', 12, 0, NULL, NULL),
(1249, '1175920717', 'حمد سطام حمد الدوسري', '966551521109', '126', '3', '1175920717.pdf', 12, 0, NULL, NULL),
(1250, '1161887326', 'حمدان تركي حمدان الشيباني', '966558881742', '126', '3', '1161887326.pdf', 12, 0, NULL, NULL),
(1251, '1158262509', 'خالد سالم خالد العبيدي', '966506138013', '126', '3', '1158262509.pdf', 12, 0, NULL, NULL),
(1252, '1161923923', 'خالد عبدالله ابن سعيد المالكي', '966594400619', '126', '3', '1161923923.pdf', 12, 0, NULL, NULL),
(1253, '1158839314', 'خالد ماجد عبدالله السعير', '966559130001', '126', '3', '1158839314.pdf', 12, 0, NULL, NULL),
(1254, '1174053254', 'خالد ماجد علي البحيري', '966507809576', '126', '3', '1174053254.pdf', 12, 0, NULL, NULL),
(1255, '1149689729', 'خالد ناصر هذال بن عبود', '966507779112', '126', '3', '1149689729.pdf', 12, 0, NULL, NULL),
(1256, '1161694003', 'رواف بن عبدالرحمن بن مشرف بن عبدالحمن ال زيدان الشهري', '966555107104', '126', '3', '1161694003.pdf', 12, 0, NULL, NULL),
(1257, '1161694110', 'ريان بن عبدالرحمن بن مشرف بن عبدالحمن ال زيدان الشهري', '966555107104', '126', '3', '1161694110.pdf', 12, 0, NULL, NULL),
(1258, '1163070368', 'ريان سعد عبدالرحمن العبدالسلام', '966503112170', '126', '3', '1163070368.pdf', 12, 0, NULL, NULL),
(1259, '1160252282', 'ريان عبدالرحمن بن عيد المطيري', '966553519001', '126', '3', '1160252282.pdf', 12, 0, NULL, NULL),
(1260, '1160981963', 'ريان عبدالله سعد ال عتيق', '966549349394', '126', '3', '1160981963.pdf', 12, 0, NULL, NULL),
(1261, '1160225452', 'ريان غيث عوض المطيري', '966503434984', '126', '3', '1160225452.pdf', 12, 0, NULL, NULL),
(1262, '1163730805', 'ريان مقرن غازي المطيري', '966533638725', '126', '3', '1163730805.pdf', 12, 0, NULL, NULL),
(1263, '1160475131', 'زياد سعد عبدالله السبيت', '966565364567', '126', '3', '1160475131.pdf', 12, 0, NULL, NULL),
(1264, '1158212082', 'سعود بندر علي الشهري', '966556588772', '126', '3', '1158212082.pdf', 12, 0, NULL, NULL),
(1265, '1161333859', 'سعود تركي خليف المطيري', '966555554790', '126', '3', '1161333859.pdf', 12, 0, NULL, NULL),
(1266, '1158838555', 'سلطان سعيد فائز الشمراني', '966568686115', '126', '3', '1158838555.pdf', 12, 0, NULL, NULL),
(1267, '1162846206', 'سيف علي بن حمد الحربي', '966505129844', '126', '3', '1162846206.pdf', 12, 0, NULL, NULL),
(1268, '1160441026', 'صابر محمد صابر البلوي', '966536617767', '126', '3', '1160441026.pdf', 12, 0, NULL, NULL),
(1269, '1160801070', 'عامر لافي ملفي العتيبي', '966504716518', '126', '3', '1160801070.pdf', 12, 0, NULL, NULL),
(1270, '1158926541', 'عبدالرحمن بن تركي بن عبدالرحمن بن شيحان', '966535101123', '126', '3', '1158926541.pdf', 12, 0, NULL, NULL),
(1271, '1160866685', 'عبدالرحمن سيف علي الغصين', '966554439060', '126', '3', '1160866685.pdf', 12, 0, NULL, NULL),
(1272, '1160171110', 'عبدالرحمن عبدالكريم عبدالرحمن بن طلحه', '966554031010', '126', '3', '1160171110.pdf', 12, 0, NULL, NULL),
(1273, '1165033943', 'عبدالرحمن محمد ابن سعيد القحطاني', '966567889372', '126', '3', '1165033943.pdf', 12, 0, NULL, NULL),
(1274, '1162602815', 'عبدالعزيز سعود عبدالعزيز بن سلامه', '966555257885', '126', '3', '1162602815.pdf', 12, 0, NULL, NULL),
(1280, '1161927536', 'عبدالعزيز محمد احمد الشهري', '966553220842', '126', '3', '1161927536.pdf', 12, 0, NULL, NULL),
(1281, '1162127961', 'عبدالعزيز محمد عبدالعزيز الدوسري', '966505454324', '126', '3', '1162127961.pdf', 12, 0, NULL, NULL),
(1282, '1159194586', 'عبدالله تركى بن عبدالله الدغيلبي', '966544111154', '126', '3', '1159194586.pdf', 12, 0, NULL, NULL),
(1283, '1165321876', 'عبدالله محمد عبدالله السلطان', '966569095222', '126', '3', '1165321876.pdf', 12, 0, NULL, NULL),
(1284, '1163572371', 'محمد سعود محمد بن عويسان', '966550644937', '126', '3', '1163572371.pdf', 12, 0, NULL, NULL),
(1285, '1177785647', 'مشاري نواف ابن عبدالعزيز الصعب', '966554448090', '126', '3', '1177785647.pdf', 12, 0, NULL, NULL),
(1286, '1159727567', 'مشعل سلطان سعدون العتيبي', '966557889841', '126', '3', '1159727567.pdf', 12, 0, NULL, NULL),
(1287, '1159432440', 'مشعل نواف علي الزهراني', '966535505502', '126', '3', '1159432440.pdf', 12, 0, NULL, NULL);

-- --------------------------------------------------------

--
-- بنية الجدول `users`
--

CREATE TABLE `users` (
  `id` bigint(20) UNSIGNED NOT NULL,
  `name` varchar(191) COLLATE utf8mb4_unicode_ci DEFAULT NULL,
  `email` varchar(191) COLLATE utf8mb4_unicode_ci DEFAULT NULL,
  `email_verified_at` timestamp NULL DEFAULT NULL,
  `password` varchar(191) COLLATE utf8mb4_unicode_ci DEFAULT NULL,
  `phone` varchar(191) COLLATE utf8mb4_unicode_ci DEFAULT NULL,
  `noor_username` varchar(191) COLLATE utf8mb4_unicode_ci DEFAULT NULL,
  `noor_pass` varchar(191) COLLATE utf8mb4_unicode_ci DEFAULT NULL,
  `kingsms_username` varchar(191) COLLATE utf8mb4_unicode_ci DEFAULT NULL,
  `kingsms_pass` varchar(191) COLLATE utf8mb4_unicode_ci DEFAULT NULL,
  `sms_template` text CHARACTER SET utf8 DEFAULT NULL,
  `remember_token` varchar(100) COLLATE utf8mb4_unicode_ci DEFAULT NULL,
  `created_at` timestamp NULL DEFAULT NULL,
  `updated_at` timestamp NULL DEFAULT NULL
) ENGINE=InnoDB DEFAULT CHARSET=utf8mb4 COLLATE=utf8mb4_unicode_ci;

--
-- إرجاع أو استيراد بيانات الجدول `users`
--

INSERT INTO `users` (`id`, `name`, `email`, `email_verified_at`, `password`, `phone`, `noor_username`, `noor_pass`, `kingsms_username`, `kingsms_pass`, `sms_template`, `remember_token`, `created_at`, `updated_at`) VALUES
(4, 'ابتدائية العز', 'ezz-primary@certificates.com', NULL, '$2y$10$TTRsnYS8el7zIHmqqZT8jOYwEe9izwcUuggr43zG6xUOnw8f7UbY2', '0533170333', '1023840810', 'Aa1811', 'yazeed215', '75617561', NULL, NULL, '2020-05-14 23:34:32', '2020-05-14 23:34:32'),
(5, 'ابتدائية يحيي اليزيدى', 'yazidi-primary@certificates.com', NULL, '$2y$10$TTRsnYS8el7zIHmqqZT8jOYwEe9izwcUuggr43zG6xUOnw8f7UbY2', '0533170334', NULL, NULL, NULL, NULL, NULL, NULL, '2020-05-16 04:47:32', '2020-05-16 04:47:32'),
(6, 'ابتدائية أويس القرني', 'ayous-primp@certificates.com', NULL, '$2y$10$0cTC/R7jT8IVezeSu1gddOnjcFNYpefN5..4IUFT8BposIwH1KgkG', '0533170335', '1080351610', NULL, 'schoolois', '987987', NULL, NULL, '2020-05-16 14:44:14', '2020-05-16 14:44:14'),
(7, 'متوسطة مكي بن أبي طالب لتحفيظ القرآن الكريم', 'mekky_middle@certificates.com', NULL, '$2y$10$TTRsnYS8el7zIHmqqZT8jOYwEe9izwcUuggr43zG6xUOnw8f7UbY2', NULL, '1019247863', NULL, NULL, NULL, NULL, NULL, NULL, NULL),
(8, 'ابتدائية يزيد بن نعيم', 'yazid_naaim@certificates.com', NULL, '$2y$10$TTRsnYS8el7zIHmqqZT8jOYwEe9izwcUuggr43zG6xUOnw8f7UbY2', NULL, '1063105132', NULL, 'school2', '12341234', NULL, NULL, NULL, NULL),
(11, 'ابتدائية يزيد بن نعيم - التوحد', 'yazid_naaim_autism@certificates.com', NULL, '$2y$10$TTRsnYS8el7zIHmqqZT8jOYwEe9izwcUuggr43zG6xUOnw8f7UbY2', NULL, '1063105132', NULL, 'school2', '12341234', NULL, NULL, NULL, NULL);

--
-- Indexes for dumped tables
--

--
-- Indexes for table `classes`
--
ALTER TABLE `classes`
  ADD PRIMARY KEY (`id`),
  ADD KEY `classes_school_id_foreign` (`school_id`);

--
-- Indexes for table `migrations`
--
ALTER TABLE `migrations`
  ADD PRIMARY KEY (`id`);

--
-- Indexes for table `oauth_access_tokens`
--
ALTER TABLE `oauth_access_tokens`
  ADD PRIMARY KEY (`id`),
  ADD KEY `oauth_access_tokens_user_id_index` (`user_id`);

--
-- Indexes for table `oauth_auth_codes`
--
ALTER TABLE `oauth_auth_codes`
  ADD PRIMARY KEY (`id`);

--
-- Indexes for table `oauth_clients`
--
ALTER TABLE `oauth_clients`
  ADD PRIMARY KEY (`id`),
  ADD KEY `oauth_clients_user_id_index` (`user_id`);

--
-- Indexes for table `oauth_personal_access_clients`
--
ALTER TABLE `oauth_personal_access_clients`
  ADD PRIMARY KEY (`id`),
  ADD KEY `oauth_personal_access_clients_client_id_index` (`client_id`);

--
-- Indexes for table `oauth_refresh_tokens`
--
ALTER TABLE `oauth_refresh_tokens`
  ADD PRIMARY KEY (`id`),
  ADD KEY `oauth_refresh_tokens_access_token_id_index` (`access_token_id`);

--
-- Indexes for table `password_resets`
--
ALTER TABLE `password_resets`
  ADD KEY `password_resets_email_index` (`email`);

--
-- Indexes for table `schools`
--
ALTER TABLE `schools`
  ADD PRIMARY KEY (`id`),
  ADD KEY `schools_user_id_foreign` (`user_id`);

--
-- Indexes for table `sender_names`
--
ALTER TABLE `sender_names`
  ADD PRIMARY KEY (`id`),
  ADD KEY `sender_names_user_id_foreign` (`user_id`);

--
-- Indexes for table `students`
--
ALTER TABLE `students`
  ADD PRIMARY KEY (`id`),
  ADD KEY `students_school_id_foreign` (`school_id`);

--
-- Indexes for table `users`
--
ALTER TABLE `users`
  ADD PRIMARY KEY (`id`),
  ADD UNIQUE KEY `users_email_unique` (`email`),
  ADD UNIQUE KEY `users_phone_unique` (`phone`);

--
-- AUTO_INCREMENT for dumped tables
--

--
-- AUTO_INCREMENT for table `classes`
--
ALTER TABLE `classes`
  MODIFY `id` bigint(20) UNSIGNED NOT NULL AUTO_INCREMENT, AUTO_INCREMENT=139;

--
-- AUTO_INCREMENT for table `migrations`
--
ALTER TABLE `migrations`
  MODIFY `id` int(10) UNSIGNED NOT NULL AUTO_INCREMENT, AUTO_INCREMENT=12;

--
-- AUTO_INCREMENT for table `oauth_clients`
--
ALTER TABLE `oauth_clients`
  MODIFY `id` int(10) UNSIGNED NOT NULL AUTO_INCREMENT;

--
-- AUTO_INCREMENT for table `oauth_personal_access_clients`
--
ALTER TABLE `oauth_personal_access_clients`
  MODIFY `id` int(10) UNSIGNED NOT NULL AUTO_INCREMENT;

--
-- AUTO_INCREMENT for table `schools`
--
ALTER TABLE `schools`
  MODIFY `id` bigint(20) UNSIGNED NOT NULL AUTO_INCREMENT, AUTO_INCREMENT=15;

--
-- AUTO_INCREMENT for table `sender_names`
--
ALTER TABLE `sender_names`
  MODIFY `id` bigint(20) UNSIGNED NOT NULL AUTO_INCREMENT, AUTO_INCREMENT=4;

--
-- AUTO_INCREMENT for table `students`
--
ALTER TABLE `students`
  MODIFY `id` bigint(20) UNSIGNED NOT NULL AUTO_INCREMENT, AUTO_INCREMENT=1288;

--
-- AUTO_INCREMENT for table `users`
--
ALTER TABLE `users`
  MODIFY `id` bigint(20) UNSIGNED NOT NULL AUTO_INCREMENT, AUTO_INCREMENT=12;

--
-- قيود الجداول المحفوظة
--

--
-- القيود للجدول `classes`
--
ALTER TABLE `classes`
  ADD CONSTRAINT `classes_school_id_foreign` FOREIGN KEY (`school_id`) REFERENCES `schools` (`id`) ON DELETE CASCADE ON UPDATE CASCADE;

--
-- القيود للجدول `schools`
--
ALTER TABLE `schools`
  ADD CONSTRAINT `schools_user_id_foreign` FOREIGN KEY (`user_id`) REFERENCES `users` (`id`) ON DELETE CASCADE ON UPDATE CASCADE;

--
-- القيود للجدول `sender_names`
--
ALTER TABLE `sender_names`
  ADD CONSTRAINT `sender_names_user_id_foreign` FOREIGN KEY (`user_id`) REFERENCES `users` (`id`) ON DELETE CASCADE ON UPDATE CASCADE;

--
-- القيود للجدول `students`
--
ALTER TABLE `students`
  ADD CONSTRAINT `students_school_id_foreign` FOREIGN KEY (`school_id`) REFERENCES `schools` (`id`) ON DELETE CASCADE ON UPDATE CASCADE;
COMMIT;

/*!40101 SET CHARACTER_SET_CLIENT=@OLD_CHARACTER_SET_CLIENT */;
/*!40101 SET CHARACTER_SET_RESULTS=@OLD_CHARACTER_SET_RESULTS */;
/*!40101 SET COLLATION_CONNECTION=@OLD_COLLATION_CONNECTION */;
